ID,facilitycode,district,dcode,name,lab,ftype,managedby,resultdeliverymode,deliverymode,smsprinter,resultsdeliverysponsor,contactperson,contacttelephone,contactperson2,contacttelephone2,smsprinterserialno,smsprinterversion,smsinstalldate,smsprinterno,PUK,PIN,simcardno,network,telephone,fax,email,PostalAddress,physicaladdress,ContactEmail,Flag,telephone2
"0101","0101","5","Chitipa","Chambo Health Centre","3","Health Center","CHAM","2",\N,\N,"","","","","","","","0000-00-00","","0","0","0","","","","","","","","1",""
"0102","0102","5","Chitipa","Chitipa District Hospital","3","District Hospital","MOH","2",\N,\N,"","","","","","","","0000-00-00","","0","0","0","",\N,\N,\N,\N,\N,\N,"1",\N
"0103","0103","5","Chitipa","Ifumbo Health Centre","3","Health Center","MOH/LG","2",\N,\N,"","","","","","","","0000-00-00","","0","0","0","","","","","","","","1",""
"0104","0104","5","Chitipa","Kameme Health Centre","3","Health Center","MOH","2",\N,\N,"","","","","","","","0000-00-00","","0","0","0","","","","","","","","1",""
"0105","0105","5","Chitipa","Kapenda Health Centre","3","Health Center","MOH","2",\N,\N,"","","","","","","","0000-00-00","","0","0","0","","","","","","","","1",""
"0106","0106","5","Chitipa","Kaseye Health Centre","3","Health Center","CHAM","2",\N,\N,"","","","","","","","0000-00-00","","0","0","0","","","","","","","","1",""
"0107","0107","5","Chitipa","Misuku Health Centre","3","Health Center","MOH","2",\N,\N,"","","","","","","","0000-00-00","","0","0","0","","","","","","","","1",""
"0108","0108","5","Chitipa","Nthalire Health Centre","3","Health Center","MOH/LG","2",\N,\N,"","","","","","","","0000-00-00","","0","0","0","","","","","","","","1",""
"0109","0109","5","Chitipa","Wenya Health Centre","3","Health Center","MOH","2",\N,\N,"","","","","","","","0000-00-00","","0","0","0","","","","","","","","1",""
"0201","0201","8","Karonga","Chilumba Rural Hospital","3","Rural Hospital","MOH","2",\N,\N,"","","","","","","","0000-00-00","","0","0","0","",\N,\N,\N,\N,\N,\N,"1",\N
"0202","0202","8","Karonga","Fulirwa Health Centre","3","Health Center","MOH","2",\N,\N,"","","","","","","","0000-00-00","","0","0","0","","","","","","","","1",""
"0203","0203","8","Karonga","Hara Dispensary","3","Dispensary","MOH","2",\N,\N,"","","","","","","","0000-00-00","","0","0","0","",\N,\N,\N,\N,\N,\N,"1",\N
"0204","0204","8","Karonga","Iponga Health Centre","3","Health Center","MOHP","2",\N,\N,"","","","","","","","0000-00-00","","0","0","0","","","","","","","","1",""
"0205","0205","8","Karonga","Kaporo Rural Hospital","3","Rural Hospital","MOHP","2",\N,\N,"","","","","","","","0000-00-00","","0","0","0","",\N,\N,\N,\N,\N,\N,"1",\N
"0206","0206","8","Karonga","Karonga District Hospital","3","District Hospital","MOH","2",\N,\N,"","","","","","","","0000-00-00","","0","0","0","",\N,\N,\N,\N,\N,\N,"1",\N
"0207","0207","8","Karonga","Lupembe Health Centre","3","Health Center","LG","2",\N,\N,"","","","","","","","0000-00-00","","0","0","0","","","","","","","","1",""
"0208","0208","8","Karonga","Lwezga Health Centre","3","Health Center","LG","2",\N,\N,"","","","","","","","0000-00-00","","0","0","0","","","","","","","","1",""
"0209","0209","8","Karonga","Mpata Health Centre","3","Health Center","MOH","2",\N,\N,"","","","","","","","0000-00-00","","0","0","0","","","","","","","","1",""
"0210","0210","8","Karonga","Ngana Health Centre","3","Health Center","MOH","2",\N,\N,"","","","","","","","0000-00-00","","0","0","0","","","","","","","","1",""
"0211","0211","8","Karonga","Nyungwe Health Centre","3","Health Center","MOH","2",\N,\N,"","","","","","","","0000-00-00","","0","0","0","","","","","","","","1",""
"0212","0212","8","Karonga","Sangilo Health Centre","3","Health Center","CHAM","2",\N,\N,"","","","","","","","0000-00-00","","0","0","0","","","","","","","","1",""
"0213","0213","8","Karonga","St Annes Health Centre","3","Health Center","CHAM","2",\N,\N,"","","","","","","","0000-00-00","","0","0","0","","","","","","","","1",""
"0214","0214","8","Karonga","Wiliro Health Centre","3","Health Center","MOH","2",\N,\N,"","","","","","","","0000-00-00","","0","0","0","","","","","","","","1",""
"0215","0215","8","Karonga","Chilumba Garr Dispensary","3","Dispensary","MOH","2",\N,\N,"","","","","","","","0000-00-00","","0","0","0","",\N,\N,\N,\N,\N,\N,"1",\N
"0216","0216","8","Karonga","Atupele Hospital ","3","","CHAM","2",\N,\N,"","","","","","","","0000-00-00","","0","0","0","",\N,\N,\N,\N,\N,\N,"1",\N
"0217","0217","8","Karonga","Kasoba Health Centre","3","Health Center","MOH","2",\N,\N,"","","","","","","","0000-00-00","","0","0","0","","","","","","","","1",""
"0218","0218","8","Karonga","Mlare Health Center","3","Health Center","MOH","2","","","","","","","","","","0000-00-00","","0","0","0","","","","","","","","1",""
"0301","0301","19","Nkhata bay","Bula Health Centre","3","Health Center","MOH","2",\N,\N,"","","","","","","","0000-00-00","","0","0","0","","","","","","","","1",""
"0302","0302","19","Nkhata bay","Chesamu Health Centre","3","Health Center","MOH","2",\N,\N,"","","","","","","","0000-00-00","","0","0","0","","","","","","","","1",""
"0303","0303","19","Nkhata bay","Chikwina Health Centre","3","Health Center","CHAM","2",\N,\N,"","","","","","","","0000-00-00","","0","0","0","","","","","","","","1",""
"0304","0304","19","Nkhata bay","Chilambwe Health Center","3","Health Center","CHAM","2",\N,\N,"","","","","","","","0000-00-00","","0","0","0","",\N,\N,\N,\N,\N,\N,"1",\N
"0305","0305","19","Nkhata bay","Chintheche Hospital Hospital","3","Hospital","MOH","2",\N,\N,"","","","","","","","0000-00-00","","0","0","0","",\N,\N,\N,\N,\N,\N,"1",\N
"0306","0306","19","Nkhata bay","Chitheka Health Center","3","Health Center","MOH","2",\N,\N,"","","","","","","","0000-00-00","","0","0","0","",\N,\N,\N,\N,\N,\N,"1",\N
"0308","0308","19","Nkhata bay","Kachere Health Center","3","Health Center","MOH","2",\N,\N,"","","","","","","","0000-00-00","","0","0","0","",\N,\N,\N,\N,\N,\N,"1",\N
"0309","0309","19","Nkhata bay","Kande Health Center","3","Health Center","MOH","2",\N,\N,"","","","","","","","0000-00-00","","0","0","0","",\N,\N,\N,\N,\N,\N,"1",\N
"0310","0310","19","Nkhata bay","Khondowe Health Center","3","Health Center","MOH","2",\N,\N,"","","","","","","","0000-00-00","","0","0","0","",\N,\N,\N,\N,\N,\N,"1",\N
"0311","0311","19","Nkhata bay","Liuzi Health Center","3","Health Center","MOH","2",\N,\N,"","","","","","","","0000-00-00","","0","0","0","",\N,\N,\N,\N,\N,\N,"1",\N
"0312","0312","19","Nkhata bay","Lwazi Dispensary","3","Dispensary","MOH","2",\N,\N,"","","","","","","","0000-00-00","","0","0","0","",\N,\N,\N,\N,\N,\N,"1",\N
"0313","0313","19","Nkhata bay","Mpamba Health Center","3","Health Center","MOH","2",\N,\N,"","","","","","","","0000-00-00","","0","0","0","",\N,\N,\N,\N,\N,\N,"1",\N
"0314","0314","19","Nkhata bay","Mzenga Health Center","3","Health Center","MOH","2",\N,\N,"","","","","","","","0000-00-00","","0","0","0","",\N,\N,\N,\N,\N,\N,"1",\N
"0315","0315","19","Nkhata bay","Nkhata Bay District Hospital","3","District Hospital","MOH","2",\N,\N,"","","","","","","","0000-00-00","","0","0","0","",\N,\N,\N,\N,\N,\N,"1",\N
"0316","0316","19","Nkhata bay","Old Maula Court Health Center","3","Health Center","MOH","2",\N,\N,"","","","","","","","0000-00-00","","0","0","0","",\N,\N,\N,\N,\N,\N,"1",\N
"0317","0317","19","Nkhata bay","Ruarwe Dispensary","3","Dispensary","LG","2","","","","","","","","","","0000-00-00","","0","0","0","","","","","","","","1",""
"0319","0319","19","Nkhata bay","Usisya Health Center","3","Health Center","MOH","2",\N,\N,"","","","","","","","0000-00-00","","0","0","0","",\N,\N,\N,\N,\N,\N,"1",\N
"0320","0320","19","Nkhata bay","Nthungwa Health Center","3","Health Center","","2",\N,\N,"","","","","","","","0000-00-00","","0","0","0","",\N,\N,\N,\N,\N,\N,"1",\N
"0321","0321","19","Nkhata bay","Chisala Health Center","3","Health Center","","2",\N,\N,"","","","","","","","0000-00-00","","0","0","0","",\N,\N,\N,\N,\N,\N,"1",\N
"0322","0322","19","Nkhata bay","Kavuzi  Health centre","0","","","2",\N,\N,"","","","","","","","0000-00-00","","0","0","0","","","","","","","","1",""
"0401","0401","25","Rumphi","Bolero Health Center","3","Health Center","MOH","2",\N,\N,"","","","","","","","0000-00-00","","0","0","0","",\N,\N,\N,\N,\N,\N,"1",\N
"0402","0402","25","Rumphi","Bwengu Health Centre","3","Health Center","MOH/LG","2",\N,\N,"","","","","","","","0000-00-00","","0","0","0","","","","","","","","1",""
"0403","0403","25","Rumphi","Chitimba Health Center","3","Health Center","MOH/LG","2",\N,\N,"","","","","","","","0000-00-00","","0","0","0","",\N,\N,\N,\N,\N,\N,"1",\N
"0404","0404","25","Rumphi","DGM Livingstonia Hospital","3","Hospital","CHAM","2",\N,\N,"","","","","","","","0000-00-00","","0","0","0","",\N,\N,\N,\N,\N,\N,"1",\N
"0408","0408","25","Rumphi","Katowo Rural Hospital","3","Rural Hospital","MOH/LG","2",\N,\N,"","","","","","","","0000-00-00","","0","0","0","",\N,\N,\N,\N,\N,\N,"1",\N
"0409","0409","25","Rumphi","Luwuchi Health Center","3","Health Center","CHAM","2",\N,\N,"","","","","","","","0000-00-00","","0","0","0","",\N,\N,\N,\N,\N,\N,"1",\N
"0411","0411","25","Rumphi","Mhuju Hospital","3","Hospital","MOH","2",\N,\N,"","","","","","","","0000-00-00","","0","0","0","",\N,\N,\N,\N,\N,\N,"1",\N
"0412","0412","25","Rumphi","Mlowe Health Center","3","Health Center","CHAM","2",\N,\N,"","","","","","","","0000-00-00","","0","0","0","",\N,\N,\N,\N,\N,\N,"1",\N
"0413","0413","25","Rumphi","Mphopha Health Center","3","Health Center","MOH","2",\N,\N,"","","","","","","","0000-00-00","","0","0","0","",\N,\N,\N,\N,\N,\N,"1",\N
"0414","0414","25","Rumphi","Mwazisi Health Center","3","Health Center","MOH","2",\N,\N,"","","","","","","","0000-00-00","","0","0","0","",\N,\N,\N,\N,\N,\N,"1",\N
"0415","0415","25","Rumphi","Mzokoto Health Center","3","Health Center","MOH/LG","2",\N,\N,"","","","","","","","0000-00-00","","0","0","0","",\N,\N,\N,\N,\N,\N,"1",\N
"0416","0416","25","Rumphi","Nthenje Dispensary","3","Dispensary","CHAM","2",\N,\N,"","","","","","","","0000-00-00","","0","0","0","",\N,\N,\N,\N,\N,\N,"1",\N
"0417","0417","25","Rumphi","Rumphi District Hospital","3","District Hospital","MOH","2",\N,\N,"","","","","","","","0000-00-00","","0","0","0","",\N,\N,\N,\N,\N,\N,"1",\N
"0418","0418","25","Rumphi","St Patricks Health Center","3","Health Center","CHAM","2",\N,\N,"","","","","","","","0000-00-00","","0","0","0","",\N,\N,\N,\N,\N,\N,"1",\N
"0419","0419","25","Rumphi","Tcharo Dispensary","3","Dispensary","CHAM","2",\N,\N,"","","","","","","","0000-00-00","","0","0","0","",\N,\N,\N,\N,\N,\N,"1",\N
"0421","0421","25","Rumphi","Chitsimuka Health Center","3","Health Center","MOH","2","","","","","","","","","","0000-00-00","","0","0","0","","","","","","","","1",""
"0422","0422","25","Rumphi","Jalawe Health Center","3","Health Center","","2","","","","","","","","","","0000-00-00","","0","0","0","","","","","","","","1",""
"0423","0423","25","Rumphi","Lura Health Center","3","Health Center","MOH","2",\N,\N,"","","","","","","","0000-00-00","","0","0","0","",\N,\N,\N,\N,\N,\N,"1",\N
"0424","0424","25","Rumphi","Ngonga Health Center","3","Health Center","","2",\N,\N,"","","","","","","","0000-00-00","","0","0","0","",\N,\N,\N,\N,\N,\N,"1",\N
"0429","0429","25","Rumphi","Eva Demaya","3",\N,"Health Centre","2",\N,\N,\N,\N,\N,\N,\N,\N,\N,\N,\N,\N,\N,\N,\N,\N,\N,\N,\N,\N,\N,"1",\N
"0501","0501","17","Mzimba","Mzimba District Hospital","3","District Hospital","MOH","2",\N,\N,"","","","","","","","0000-00-00","","0","0","0","",\N,\N,\N,\N,\N,\N,"1",\N
"0502","0502","17","Mzimba","Euthini Rural Hospital","3","Rural Hospital","MOH","2",\N,\N,"","","","","","","","0000-00-00","","0","0","0","",\N,\N,\N,\N,\N,\N,"1",\N
"0503","0503","17","Mzimba","Chikangawa Health Centre","3","Health Center","Forestry","2",\N,\N,"","","","","","","","0000-00-00","","0","0","0","","","","","","","","1",""
"0504","0504","17","Mzimba","Emfeni Health Center","3","Health Center","MOH/LG","2",\N,\N,"","","","","","","","0000-00-00","","0","0","0","",\N,\N,\N,\N,\N,\N,"1",\N
"0505","0505","17","Mzimba","Edingeni Rural Hospital","3","Rural Hospital","MOH","2",\N,\N,"","","","","","","","0000-00-00","","0","0","0","",\N,\N,\N,\N,\N,\N,"1",\N
"0506","0506","17","Mzimba","Ehehleni Dispensary","3","Dispensary","","2",\N,\N,"","","","","","","","0000-00-00","","0","0","0","",\N,\N,\N,\N,\N,\N,"1",\N
"0507","0507","17","Mzimba","Embangweni Hospital","3","Hospital","CHAM","2",\N,\N,"","","","","","","","0000-00-00","","0","0","0","",\N,\N,\N,\N,\N,\N,"1",\N
"0508","0508","17","Mzimba","Endindeni Health Center","3","Health Center","MOH/CHAM","2",\N,\N,"","","","","","","","0000-00-00","","0","0","0","",\N,\N,\N,\N,\N,\N,"1",\N
"0509","0509","17","Mzimba","Hoho Health Center","3","Health Center","MOH","2",\N,\N,"","","","","","","","0000-00-00","","0","0","0","",\N,\N,\N,\N,\N,\N,"1",\N
"0510","0510","17","Mzimba","Jenda Health Center","3","Health Center","MOH","2",\N,\N,"","","","","","","","0000-00-00","","0","0","0","",\N,\N,\N,\N,\N,\N,"1",\N
"0511","0511","17","Mzimba","Bulala Health Center","3","Health Center","MOH","2",\N,\N,"","","","","","","","0000-00-00","","0","0","0","",\N,\N,\N,\N,\N,\N,"1",\N
"0512","0512","17","Mzimba","Kalikumbi Health Center","3","Health Center","CHAM","2",\N,\N,"","","","","","","","0000-00-00","","0","0","0","",\N,\N,\N,\N,\N,\N,"1",\N
"0513","0513","17","Mzimba","Kamteteka Health Center","3","Health Center","MOH","2",\N,\N,"","","","","","","","0000-00-00","","0","0","0","",\N,\N,\N,\N,\N,\N,"1",\N
"0514","0514","17","Mzimba","Katete Hospital Hospital","3","Hospital","CHAM","2",\N,\N,"","","","","","","","0000-00-00","","0","0","0","",\N,\N,\N,\N,\N,\N,"1",\N
"0515","0515","17","Mzimba","Khosolo Health Center","3","Health Center","MOH","2",\N,\N,"","","","","","","","0000-00-00","","0","0","0","",\N,\N,\N,\N,\N,\N,"1",\N
"0516","0516","17","Mzimba","Lunjika Health Center","3","Health Center","CHAM","2",\N,\N,"","","","","","","","0000-00-00","","0","0","0","",\N,\N,\N,\N,\N,\N,"1",\N
"0517","0517","17","Mzimba","Luwawa Health Centre","3","Health Center","","2",\N,\N,"","","","","","","","0000-00-00","","0","0","0","","","","","","","","1",""
"0518","0518","17","Mzimba","Luwerezi Health Center","3","Health Center","MOH/LG","2",\N,\N,"","","","","","","","0000-00-00","","0","0","0","",\N,\N,\N,\N,\N,\N,"1",\N
"0519","0519","17","Mzimba","Mabili Health Center","3","Health Center","MOH","2",\N,\N,"","","","","","","","0000-00-00","","0","0","0","",\N,\N,\N,\N,\N,\N,"1",\N
"0520","0520","17","Mzimba","Madede Health Center","3","Health Center","MOH/LG","2",\N,\N,"","","","","","","","0000-00-00","","0","0","0","",\N,\N,\N,\N,\N,\N,"1",\N
"0521","0521","17","Mzimba","Manyamula Health Centre","3","Health Center","MOH","2",\N,\N,"","","","","","","","0000-00-00","","0","0","0","","","","","","","","1",""
"0522","0522","17","Mzimba","Mbalachanda Health Centre","3","Health Center","MOH","2",\N,\N,"","","","","","","","0000-00-00","","0","0","0","","","","","","","","1",""
"0523","0523","17","Mzimba","Mhalaunda Health Centre","3","Health Center","MOH","2",\N,\N,"","","","","","","","0000-00-00","","0","0","0","","","","","","","","1",""
"0524","0524","17","Mzimba","Mkoma Health Centre","3","Health Center","MOH","2",\N,\N,"","","","","","","","0000-00-00","","0","0","0","","","","","","","","1",""
"0525","0525","17","Mzimba","Msese Health Centre","3","Health Center","MOH","2",\N,\N,"","","","","","","","0000-00-00","","0","0","0","","","","","","","","1",""
"0526","0526","17","Mzimba","Mtende Health Centre","3","Health Center","MOH","2",\N,\N,"","","","","","","","0000-00-00","","0","0","0","","","","","","","","1",""
"0527","0527","17","Mzimba","Mzalangwe Health Centre","3","Health Center","MOH/LG","2",\N,\N,"","","","","","","","0000-00-00","","0","0","0","","","","","","","","1",""
"0528","0528","17","Mzimba","Mzambazi Rural Hospital","3","Rural Hospital","MOH","2",\N,\N,"","","","","","","","0000-00-00","","0","0","0","",\N,\N,\N,\N,\N,\N,"1",\N
"0530","0530","17","Mzimba","Kabuwa Health Center","3","Health Center","MOH","2",\N,\N,"","","","","","","","0000-00-00","","0","0","0","",\N,\N,\N,\N,\N,\N,"1",\N
"0531","0531","17","Mzimba","Raiply Dispensary","3","Dispensary","","2",\N,\N,"","","","","","","","0000-00-00","","0","0","0","",\N,\N,\N,\N,\N,\N,"1",\N
"0532","0532","17","Mzimba","Vibangalala Dispensary","3","Dispensary","MOH","2",\N,\N,"","","","","","","","0000-00-00","","0","0","0","",\N,\N,\N,\N,\N,\N,"1",\N
"0590","0590","17","Mzimba","Unknown Facilitys from Mzimba Lab","3","Hospital","MOH",\N,\N,\N,\N,\N,\N,\N,\N,\N,\N,\N,\N,\N,\N,\N,\N,\N,\N,\N,\N,\N,\N,"1",\N
"0601","0601","10","Likoma","St Peters Hospital","3","Hospital","CHAM","2",\N,\N,"","","","","","","","0000-00-00","","0","0","0","",\N,\N,\N,\N,\N,\N,"1",\N
"0602","0602","10","Likoma","Chizumulo (St Marys) Health Center","3","Health Center","CHAM","2",\N,\N,"","","","","","","","0000-00-00","","0","0","0","",\N,\N,\N,\N,\N,\N,"1",\N
"0701","0701","17","Mzimba","Mzuzu Urban Health Centre","3","Health Center","MOH","2",\N,\N,"","","","","","","","0000-00-00","","0","0","0","","","","","","","","1",""
"0703","0703","17","Mzimba","Choma Health Centre","3","Health Center","MOH","2",\N,\N,"","","","","","","","0000-00-00","","0","0","0","","","","","","","","1",""
"0704","0704","17","Mzimba","Ekwendeni Mission Hospital","3","Hospital","CHAM","2",\N,\N,"","","","","","","","0000-00-00","","0","0","0","","","","","","","","1",""
"0705","0705","25","Rumphi","Engucwini Dispensary","3","Dispensary","LG","2",\N,\N,"","","","","","","","0000-00-00","","0","0","0","",\N,\N,\N,\N,\N,\N,"1",\N
"0706","0706","25","Rumphi","Enukweni Health Centre","3","Health Center","MOH/CHAM","2",\N,\N,"","","","","","","","0000-00-00","","0","0","0","","","","","","","","1",""
"0707","0707","17","Mzimba","Kafukule Health Centre","3","Health Center","MOH/LG","2",\N,\N,"","","","","","","","0000-00-00","","0","0","0","","","","","","","","1",""
"0708","0708","25","Rumphi","Kamwe Health Centre","3","Health Center","MOH","2",\N,\N,"","","","","","","","0000-00-00","","0","0","0","","","","","","","","1",""
"0709","0709","17","Mzimba","Luvwere Dispensary","3","Dispensary","LG","2",\N,\N,"","","","","","","","0000-00-00","","0","0","0","",\N,\N,\N,\N,\N,\N,"1",\N
"0710","0710","25","Rumphi","Luzi Health Centre","3","Health Center","MOH/LG","2",\N,\N,"","","","","","","","0000-00-00","","0","0","0","","","","","","","","1",""
"0711","0711","17","Mzimba","Malidadi Health Center","3","Health Center","MOH","2",\N,\N,"","","","","","","","0000-00-00","","0","0","0","",\N,\N,\N,\N,\N,\N,"1",\N
"0712","0712","17","Mzimba","Matuli Dispensary","3","Dispensary","","2",\N,\N,"","","","","","","","0000-00-00","","0","0","0","",\N,\N,\N,\N,\N,\N,"1",\N
"0713","0713","17","Mzimba","Mpherembe Health Centre","3","Health Center","MOH","2",\N,\N,"","","","","","","","0000-00-00","","0","0","0","","","","","","","","1",""
"0714","0714","17","Mzimba","Mtwalo Health Centre","3","Health Center","MOH","2",\N,\N,"","","","","","","","0000-00-00","","0","0","0","","","","","","","","1",""
"0715","0715","17","Mzimba","Njuyu Health Centre","3","Health Center","MOH","2",\N,\N,"","","","","","","","0000-00-00","","0","0","0","","","","","","","","1",""
"0716","0716","17","Mzimba","Nkhorongo Health Centre","3","Health Center","CHAM","2",\N,\N,"","","","","","","","0000-00-00","","0","0","0","","","","","","","","1",""
"0717","0717","17","Mzimba","Nkhuyukuyu Health Centre","3","Health Center","","2",\N,\N,"","","","","","","","0000-00-00","","0","0","0","","","","","","","","1",""
"0718","0718","17","Mzimba","St Johns Mission Hospital","3","Hospital","CHAM","2",\N,\N,"","","","","","","","0000-00-00","","0","0","0","","","","","","","","1",""
"0719","0719","25","Rumphi","Thunduwike Health Centre","3","Health Center","MOH","2",\N,\N,"","","","","","","","0000-00-00","","0","0","0","","","","","","","","1",""
"0720","0720","17","Mzimba","Kabwafu Health Centre","3","Health Center","MOH","2",\N,\N,"","","","","","","","0000-00-00","","0","0","0","","","","","","","","1",""
"0721","0721","17","Mzimba","Emsizini Health Center","3","Health Center","MOH","2",\N,\N,"","","","","","","","0000-00-00","","0","0","0","",\N,\N,\N,\N,\N,\N,"1",\N
"0722","0722","17","Mzimba","Ekwaiweni Dispensary","3","Dispensary","","2",\N,\N,"","","","","","","","0000-00-00","","0","0","0","","","","","","","","1",""
"0723","0723","17","Mzimba","Kaweche Health Center","3","Health Center","MOH","2",\N,\N,\N,\N,\N,\N,\N,\N,\N,\N,\N,\N,\N,\N,\N,\N,\N,\N,\N,\N,\N,"1",\N
"0724","0724","17","Mzimba","Manolo Health Centre","3","Health Center","MOH","2",\N,\N,"","","",\N,"",\N,\N,\N,\N,\N,\N,\N,\N,"","","",\N,"","","1",""
"0725","0725","17","Mzimba","St Johns of God Mental Hospital","3","Mental Hospital","CHAM","2",\N,\N,"","","","","","","","0000-00-00","","0","0","0","","","","","","","","1",""
"0738","0738","17","Mzimba","Mzuzu Central Hospital","3","Dispensary","MOH","2",\N,\N,"","","","","","","","0000-00-00","","0","0","0","","2651320217","2651320217","","P/Bag 209 Mzuzu","","","1",""
"0782","0782","17","Mzimba","Macro Mzuzu","3","Health Center","MOH",\N,\N,\N,\N,\N,\N,\N,\N,\N,\N,\N,\N,\N,\N,\N,\N,\N,\N,\N,\N,\N,\N,"1",\N
"0789","0789","17","Mzimba","Mzuzu University","3","Health Center","MOH",\N,\N,\N,\N,\N,\N,\N,\N,\N,\N,\N,\N,\N,\N,\N,\N,\N,\N,\N,\N,\N,\N,"1",\N
"0799","0799","17","Mzimba","Unknown facilities from Mzuzu Central","3","Hospital","MOH","2",\N,\N,\N,\N,\N,\N,\N,\N,\N,\N,\N,\N,\N,\N,\N,\N,\N,\N,\N,\N,\N,"1",\N
"0N/A","0N/A","11","Lilongwe","Ministry of Health N/A","0","N/A","MOH","4","","","CHAI","Dalitso Midiani","999354808","Mr. Mwenda","999667034","Modem #3","N/A","2010-07-24","2.65888E+11","50430599","1234","2147483647","TNM","","","","","","","1",""
"1001","1001","9","Kasungu","Bua (Kasungu) Dispensary","2","Dispensary","MOH","2",\N,\N,"","","","","","","","0000-00-00","","0","0","0","",\N,\N,\N,\N,\N,\N,"1",\N
"1002","1002","9","Kasungu","Chamwabvi Dispensary","2","Dispensary","MOH","2",\N,\N,"","","","","","","","0000-00-00","","0","0","0","",\N,\N,\N,\N,\N,\N,"1",\N
"1003","1003","9","Kasungu","Chulu Health Center","2","Health Center","MOH","4",\N,\N,"CHAI","Lot Makowa","999211200","Charles Chunda","999072319","TN074","v2.44","2010-08-26","2.66E+11","16364293","1234","2147483647","TNM",\N,\N,\N,\N,\N,\N,"1",\N
"1004","1004","9","Kasungu","Dwangwa Dispensary","2","Dispensary","MOH","2",\N,\N,"","","","","","","","0000-00-00","","0","0","0","",\N,\N,\N,\N,\N,\N,"1",\N
"1005","1005","9","Kasungu","Kaluluma Rural Hospital","2","Rural Hospital","MOH","2",\N,\N,"","","","","","","","0000-00-00","","0","0","0","",\N,\N,\N,\N,\N,\N,"1",\N
"1006","1006","9","Kasungu","Kamboni Health Center","2","Health Center","MOH","2",\N,\N,"","","","","","","","0000-00-00","","0","0","0","",\N,\N,\N,\N,\N,\N,"1",\N
"1007","1007","9","Kasungu","Kapelula Health Center","2","Health Center","MOH","2",\N,\N,"","","","","","","","0000-00-00","","0","0","0","",\N,\N,\N,\N,\N,\N,"1",\N
"1008","1008","9","Kasungu","Kasungu District Hospital","2","District Hospital","MOH","4",\N,\N,"CHAI","Lamecki Guga","999339797","Godson Thwala","888133748","TN115","v2.44","2010-08-26","2.65888E+11","80416486","1234","2147483647","TNM",\N,\N,\N,\N,\N,\N,"1",\N
"1009","1009","9","Kasungu","Kawamba Health Center","2","Health Center","MOH/LG","2",\N,\N,"","","","","","","","0000-00-00","","0","0","0","",\N,\N,\N,\N,\N,\N,"1",\N
"1010","1010","9","Kasungu","Mkhota Health Center","2","Health Center","MOH","2",\N,\N,"","","","","","","","0000-00-00","","0","0","0","",\N,\N,\N,\N,\N,\N,"1",\N
"1011","1011","9","Kasungu","Mtunthama Health Center","2","Health Center","MOH","2",\N,\N,"","","","","","","","0000-00-00","","0","0","0","",\N,\N,\N,\N,\N,\N,"1",\N
"1012","1012","9","Kasungu","Newa / Mpasazi Health Center","2","Health Center","CHAM","2",\N,\N,"","","","","","","","0000-00-00","","0","0","0","",\N,\N,\N,\N,\N,\N,"1",\N
"1013","1013","9","Kasungu","Nkhamenya Hospital","2","Hospital","CHAM","2",\N,\N,"","","","","","","","0000-00-00","","0","0","0","",\N,\N,\N,\N,\N,\N,"1",\N
"1014","1014","9","Kasungu","Santhe Health Center","2","Health Center","MOH","2",\N,\N,"","","","","","","","0000-00-00","","0","0","0","",\N,\N,\N,\N,\N,\N,"1",\N
"1015","1015","9","Kasungu","Simlemba Health Center","2","Health Center","MOH/LG","2",\N,\N,"","","","","","","","0000-00-00","","0","0","0","",\N,\N,\N,\N,\N,\N,"1",\N
"1016","1016","9","Kasungu","Wimbe Health Center","2","Health Center","MOH","2",\N,\N,"","","","","","","","0000-00-00","","0","0","0","",\N,\N,\N,\N,\N,\N,"1",\N
"1017","1017","9","Kasungu","Chisinga Dispensary","2","Dispensary","MOH","2",\N,\N,"","","","","","","","0000-00-00","","0","0","0","",\N,\N,\N,\N,\N,\N,"1",\N
"1018","1018","9","Kasungu","KTFT/Kasalika Dispensary","2","Dispensary","MOH","2",\N,\N,"","","","","","","","0000-00-00","","0","0","0","",\N,\N,\N,\N,\N,\N,"1",\N
"1019","1019","9","Kasungu","Linyangwa Health Center","2","Health Center","","2",\N,\N,"","","","","","","","0000-00-00","","0","0","0","",\N,\N,\N,\N,\N,\N,"1",\N
"1020","1020","9","Kasungu","Linyangwa Health Center","2","Health Center","","2","","","","","","","","","","0000-00-00","","0","0","0","","","","","","","","1",""
"1021","1021","9","Kasungu","Gogode Dispensary","2","Dispensary","","2",\N,\N,"","","","","","","","0000-00-00","","0","0","0","",\N,\N,\N,\N,\N,\N,"1",\N
"1022","1022","9","Kasungu","Ofesi Dispensary","2","Dispensary","","2",\N,\N,"","","","","","","","0000-00-00","","0","0","0","",\N,\N,\N,\N,\N,\N,"1",\N
"1023","1023","9","Kasungu","Khola Health Center","2","Health Center","","2",\N,\N,"","","","","","","","0000-00-00","","0","0","0","",\N,\N,\N,\N,\N,\N,"1",\N
"1029","1029","9","Kasungu","ST Andrews","9",\N,"Daniel Mapala","",\N,\N,"PATNERS IN HOPE","","",\N,"",\N,\N,\N,\N,\N,\N,\N,\N,"","","",\N,"","","1",""
"1101","1101","20","Nkhotakota","Benga Health Center","2","Health Center","MOH","2",\N,\N,"","","","","","","","0000-00-00","","0","0","0","",\N,\N,\N,\N,\N,\N,"1",\N
"1102","1102","20","Nkhotakota","Bua (Nkhotakota) Dispensary","2","Dispensary","MOH","2",\N,\N,"","","","","","","","0000-00-00","","0","0","0","",\N,\N,\N,\N,\N,\N,"1",\N
"1103","1103","20","Nkhotakota","Chididi (Nkhotakota) Health Center","2","Health Center","CHAM","2",\N,\N,"","","","","","","","0000-00-00","","0","0","0","",\N,\N,\N,\N,\N,\N,"1",\N
"1104","1104","20","Nkhotakota","Dwambazi Rural Hospital","2","Rural Hospital","MOH","2",\N,\N,"","","","","","","","0000-00-00","","0","0","0","",\N,\N,\N,\N,\N,\N,"1",\N
"1105","1105","20","Nkhotakota","Kapili Health Center","2","Health Center","CHAM","2",\N,\N,"","","","","","","","0000-00-00","","0","0","0","",\N,\N,\N,\N,\N,\N,"1",\N
"1106","1106","20","Nkhotakota","Liwaladzi Health Center","2","Health Center","CHAM","2",\N,\N,"","","","","","","","0000-00-00","","0","0","0","",\N,\N,\N,\N,\N,\N,"1",\N
"1107","1107","20","Nkhotakota","Mpamantha Dispensary","2","Dispensary","MOH","2",\N,\N,"","","","","","","","0000-00-00","","0","0","0","",\N,\N,\N,\N,\N,\N,"1",\N
"1108","1108","20","Nkhotakota","Mtosa Health Center","2","Health Center","MOH","2",\N,\N,"","","","","","","","0000-00-00","","0","0","0","",\N,\N,\N,\N,\N,\N,"1",\N
"1109","1109","20","Nkhotakota","Mwansambo Health Center","2","Health Center","MOH","2",\N,\N,"","","","","","","","0000-00-00","","0","0","0","",\N,\N,\N,\N,\N,\N,"1",\N
"1110","1110","20","Nkhotakota","Ngala Health Center","2","Health Center","MOH","2",\N,\N,"","","","","","","","0000-00-00","","0","0","0","",\N,\N,\N,\N,\N,\N,"1",\N
"1111","1111","20","Nkhotakota","Nkhotakota District Hospital","2","District Hospital","MOH","4",\N,\N,"CHAI","V.F. Senzani","888344983","Zima Nindi","888347702","TN454","v2.44","2010-08-11","2.65888E+11","49149498","1234","2147483647","TNM",\N,\N,\N,\N,\N,\N,"1",\N
"1112","1112","20","Nkhotakota","Nkhunga Health Center","2","Health Center","MOH","2",\N,\N,"","","","","","","","0000-00-00","","0","0","0","",\N,\N,\N,\N,\N,\N,"1",\N
"1113","1113","20","Nkhotakota","Alinafe Rehab Centre","2","Rehab Centre","CHAM","2",\N,\N,"","","","","","","","0000-00-00","","0","0","0","",\N,\N,\N,\N,\N,\N,"1",\N
"1114","1114","20","Nkhotakota","Katimbila Health Center","2","Health Center","MOH","2",\N,\N,"","","","","","","","0000-00-00","","0","0","0","",\N,\N,\N,\N,\N,\N,"1",\N
"1115","1115","20","Nkhotakota","St Annes Hospital","2","Hospital","CHAM","2",\N,\N,"","","","","","","","0000-00-00","","0","0","0","",\N,\N,\N,\N,\N,\N,"1",\N
"1116","1116","20","Nkhotakota","Maloa Dispensary","2","Dispensary","MOH","2",\N,\N,"","","","","","","","0000-00-00","","0","0","0","",\N,\N,\N,\N,\N,\N,"1",\N
"1117","1117","20","Nkhotakota","Msenjere Health Center","2","Health Center","","2",\N,\N,"","","","","","","","0000-00-00","","0","0","0","",\N,\N,\N,\N,\N,\N,"1",\N
"1118","1118","20","Nkhotakota","Matiki Health Center","2","Health Center","","4",\N,\N,"CHAI","L. Madikhula","999919856","E.K Banda","9999250962","TN459","v2.44","2010-08-12","2.66E+11","47464022","1234","2147483647","TNM",\N,\N,\N,\N,\N,\N,"1",\N
"1119","1119","20","Nkhotakota","Kasitu Dispensary","2","Dispensary","","2",\N,\N,"","","","","","","","0000-00-00","","0","0","0","",\N,\N,\N,\N,\N,\N,"1",\N
"1120","1120","20","Nkhotakota","Dwangwa Clinic Dispensary","2","Dispensary","","2",\N,\N,"","","","","","","","0000-00-00","","0","0","0","",\N,\N,\N,\N,\N,\N,"1",\N
"1201","1201","23","Ntchisi","Chinguluwe (Ntchisi) Health Center","2","Health Center","MOH","2","","","","","","","","","","0000-00-00","","0","0","0","","","","","","","","1",""
"1202","1202","23","Ntchisi","Chinthembwe Health Center","2","Health Center","CHAM","2",\N,\N,"","","","","","","","0000-00-00","","0","0","0","",\N,\N,\N,\N,\N,\N,"1",\N
"1203","1203","23","Ntchisi","Kamsonga Health Center","2","Health Center","MOH","2","","","","","","","","","","0000-00-00","","0","0","0","","","","","","","","1",""
"1204","1204","23","Ntchisi","Kangolwa Health Center","2","Health Center","MOH","2","","","","","","","","","","0000-00-00","","0","0","0","","","","","","","","1",""
"1205","1205","23","Ntchisi","Khuwi Health Center","2","Health Center","MOH","2","","","","","","","","","","0000-00-00","","0","0","0","","","","","","","","1",""
"1206","1206","23","Ntchisi","Malomo Health Center","2","Health Center","MOH","2","","","","","","","","","","0000-00-00","","0","0","0","","","","","","","","1",""
"1207","1207","23","Ntchisi","Mkhuzi Health Center","2","Health Center","MOH","2",\N,\N,"","","","","","","","0000-00-00","","0","0","0","",\N,\N,\N,\N,\N,\N,"1",\N
"1208","1208","23","Ntchisi","Mpherere Health Center","2","Health Center","CHAM","2",\N,\N,"","","","","","","","0000-00-00","","0","0","0","",\N,\N,\N,\N,\N,\N,"1",\N
"1209","1209","23","Ntchisi","Mzandu Health Center","2","Health Center","MOH","2","","","","","","","","","","0000-00-00","","0","0","0","","","","","","","","1",""
"1210","1210","23","Ntchisi","Ntchisi District Hospital","2","District Hospital","MOH","2","","","","","","","","","","0000-00-00","","0","0","0","","","","","","","","1",""
"1212","1212","23","Ntchisi","Ndinda Dispensary","2","Dispensary","MOH","2","","","","","","","","","","0000-00-00","","0","0","0","","","","","","","","1",""
"1214","1214","23","Ntchisi","Nthondo (Ntchisi) Health Center","2","Health Center","MOH","2","","","","","","","","","","0000-00-00","","0","0","0","","","","","","","","1",""
"1301","1301","7","Dowa","Bowe Health Centre","2","Health Center","MOH","2","","","","","","","","","","0000-00-00","","0","0","0","","","","","","","","1",""
"1302","1302","7","Dowa","Chakhaza Health Center","2","Health Center","MOH","2","","","","","","","","","","0000-00-00","","0","0","0","","","","","","","","1",""
"1303","1303","7","Dowa","Chankhungu Health Center","2","Health Center","MOH","2","","","","","","","","","","0000-00-00","","0","0","0","","","","","","","","1",""
"1304","1304","7","Dowa","Chezi Dispensary","2","Dispensary","CHAM","2","","","","","","","","","","0000-00-00","","0","0","0","","","","","","","","1",""
"1305","1305","7","Dowa","Chinkhwiri Health Centre","2","Health Center","MOH","2","","","","","","","","","","0000-00-00","","0","0","0","","","","","","","","1",""
"1306","1306","7","Dowa","Chisepo Health Center","2","Health Center","MOH","2","","","","","","","","","","0000-00-00","","0","0","0","","","","","","","","1",""
"1307","1307","7","Dowa","Dowa District Hospital","2","District Hospital","MOH","2","","","","","","","","","","0000-00-00","","0","0","0","","","","","","","","1",""
"1308","1308","7","Dowa","Dzeleka Ref Camp Health Center","2","Health Center","MOH","2","","","","","","","","","","0000-00-00","","0","0","0","","","","","","","","1",""
"1309","1309","7","Dowa","Dzoole Health Center","2","Health Center","MOH","2","","","","","","","","","","0000-00-00","","0","0","0","","","","","","","","1",""
"1310","1310","7","Dowa","Kayembe Health Center","2","Health Center","MOH","2","","","","","","","","","","0000-00-00","","0","0","0","","","","","","","","1",""
"1311","1311","7","Dowa","Madisi Hospital","2","Hospital","MOH","4","","","CHAI","Mr. Gondwe","993826201","J.M Jumbe","999066285","TN143","v2.44","2010-08-27","2.65888E+11","6979652","1234","2147483647","TNM","","","","","","","1",""
"1312","1312","7","Dowa","Mbingwa Health Center","2","Health Center","MOH","2","","","","","","","","","","0000-00-00","","0","0","0","","","","","","","","1",""
"1313","1313","7","Dowa","Mponela Hospital","2","Hospital","MOH","4","","","CHAI","Mr Lomosi","995525676","Mr Mwanza","999385482","TL841","v2.44","2010-08-27","2.65888E+11","30918590","1234","2147483647","TNM","","","","","","","1",""
"1314","1314","7","Dowa","Msakambewa Health Center","2","Health Center","MOH","2","","","","","","","","","","0000-00-00","","0","0","0","","","","","","","","1",""
"1315","1315","7","Dowa","Mtengowanthenga Hospital","2","Hospital","CHAM","2","","","","","","","","","","0000-00-00","","0","0","0","","","","","","","","1",""
"1316","1316","7","Dowa","Mvera Army Camp Hospital","2","Hospital","Army","2","","","","","","","","","","0000-00-00","","0","0","0","","","","","","","","1",""
"1317","1317","7","Dowa","Mvera Mission Health Center","2","Health Center","CHAM","2","","","","","","","","","","0000-00-00","","0","0","0","","","","","","","","1",""
"1318","1318","7","Dowa","Mwangala Health Center","2","Health Center","LG","2","","","","","","","","","","0000-00-00","","0","0","0","","","","","","","","1",""
"1319","1319","7","Dowa","Nalunga Mafika Health Center","2","Health Center","LG","2","","","","","","","","","","0000-00-00","","0","0","0","","","","","","","","1",""
"1320","1320","7","Dowa","Thonje Health Center","2","Health Center","MOH","2","","","","","","","","","","0000-00-00","","0","0","0","","","","","","","","1",""
"1321","1321","7","Dowa","Chizolowondo Health Center","2","Health Center","","2",\N,\N,"","","","","","","","0000-00-00","","0","0","0","",\N,\N,\N,\N,\N,\N,"1",\N
"1322","1322","7","Dowa","Kasese Health Center","2","Health Center","","2","","","","","","","","","","0000-00-00","","0","0","0","","","","","","","","1",""
"1401","1401","26","Salima","Chinguluwe (Salima) Health Center","2","Health Center","MOH","2","","","","","","","","","","0000-00-00","","0","0","0","","","","","","","","1",""
"1402","1402","26","Salima","Chipoka Health Center","2","Health Center","MOH","4","","","CHAI","Anderson Magombo","999287175","Selvio Mwandama","995635848","TN045","v2.44","2010-08-13","2.65888E+11","29366278","1234","2147483647","TNM","","","","","","","1",""
"1403","1403","26","Salima","Chitala Health Center","2","Health Center","MOH","2","","","","","","","","","","0000-00-00","","0","0","0","","","","","","","","1",""
"1406","1406","26","Salima","Khombedza Health Center","2","Health Center","MOH","4","","","CHAI","Limbani Mateyu","999945000","Christina Joseph","9995223575","TN068","v2.44","2010-08-13","2.65888E+11","32480271","1234","2147483647","TNM","","","","","","","1",""
"1407","1407","26","Salima","Lifuwu Health Center","2","Health Center","MOH","4","","","CHAI","Maneta Mkwaira","995705153","Mphatso Diyele","999695857","TN468","v2.44","2010-08-13","2.65888E+11","34320390","1234","2147483647","TNM","","","","","","","1",""
"1408","1408","26","Salima","Maganga Health Center","2","Health Center","MOH","2","","","","","","","","","","0000-00-00","","0","0","0","","","","","","","","1",""
"1409","1409","26","Salima","Makiyoni Health Center","2","Health Center","MOH","2","","","","","","","","","","0000-00-00","","0","0","0","","","","","","","","1",""
"1410","1410","26","Salima","Mchoka Health Center","2","Health Center","MOH","2","","","","","","","","","","0000-00-00","","0","0","0","","","","","","","","1",""
"1414","1414","26","Salima","Ngodzi Health Center","2","Health Center","CHAM","2","","","","","","","","","","0000-00-00","","0","0","0","","","","","","","","1",""
"1415","1415","26","Salima","Salima District Hospital","2","District Hospital","MOH","4","","","CHAI","A. Chabuka","995723144","Lilian","","TN082","v2.44","2010-08-12","2.65888E+11","68677413","1234","2147483647","TNM","","","","","","","1",""
"1416","1416","26","Salima","Senga Bay Baptist Dispensary","2","Dispensary","CHAM","2","","","","","","","","","","0000-00-00","","0","0","0","","","","","","","","1",""
"1417","1417","26","Salima","Thavite Health Center","2","Health Center","CHAM","2","","","","","","","","","","0000-00-00","","0","0","0","","","","","","","","1",""
"1418","1418","26","Salima","Kaphatenga Health Center","2","Health Center","CHAM","2","","","","","","","","","","0000-00-00","","0","0","0","","","","","","","","1",""
"1419","1419","26","Salima","Police College Dispensary","2","Dispensary","Police","2","","","","","","","","","","0000-00-00","","0","0","0","","","","","","","","1",""
"1420","1420","26","Salima","Mafco Health Center","2","Health Center","Army","4","","","CHAI","Matilda Kamanga","995427347","Mr. Jelasoni","","TN164","v2.44","2010-08-13","2.65888E+11","71551150","1234","2147483647","TNM","","","","","","","1",""
"1421","1421","26","Salima","Admarc Dispensary","2","Dispensary","Admarc","2","","","","","","","","","","0000-00-00","","0","0","0","","","","","","","","1",""
"1422","1422","26","Salima","Lifeline Health Center","2","Health Center","","4","","","CHAI","Mr R Limbikani","999811995","Janet Chimbalanga","999247420","TN077","v2.44","2010-08-13","2.65888E+11","8649701","1234","2147483647","TNM","","","","","","","1",""
"1501","1501","11","Lilongwe","Area 18 Health Center","2","Health Center","MOH","2","","","","","","","","","","0000-00-00","","0","0","0","","","","","","","","1",""
"1502","1502","11","Lilongwe","Area 25 Health Center","2","Health Center","MOH","2","","","","","","","","","","0000-00-00","","0","0","0","","","","","","","","1",""
"1503","1503","11","Lilongwe","Bwaila Hospital","2","Hospital","MOH","2","","","","","","","","","","0000-00-00","","0","0","0","","","","","","","","1",""
"1504","1504","11","Lilongwe","Chikowa (Lilongwe) Health Center","2","Health Center","MOH","2","","","","","","","","","","0000-00-00","","0","0","0","","","","","","","","1",""
"1505","1505","11","Lilongwe","Chileka (Lilongwe) Health Center","2","Health Center","MOH","2","","","","","","","","","","0000-00-00","","0","0","0","","","","","","","","1",""
"1506","1506","11","Lilongwe","Chimbalanga Health Center","2","Health Center","MOH","2",\N,\N,"","","","","","","","0000-00-00","","0","0","0","",\N,\N,\N,\N,\N,\N,"1",\N
"1507","1507","11","Lilongwe","Chitedze Health Center","2","Health Center","MOH","2","","","","","","","","","","0000-00-00","","0","0","0","","","","","","","","1",""
"1508","1508","11","Lilongwe","Chiunjiza Health Center","2","Health Center","MOH","2","","","","","","","","","","0000-00-00","","0","0","0","","","","","","","","1",""
"1509","1509","11","Lilongwe","Chiwamba Health Center","2","Health Center","MOH","2","","","","","","","","","","0000-00-00","","0","0","0","","","","","","","","1",""
"1510","1510","11","Lilongwe","Chiwe Health Center","2","Health Center","CHAM","2","","","","","","","","","","0000-00-00","","0","0","0","","","","","","","","1",""
"1511","1511","11","Lilongwe","Diamphwe Health Center","2","Health Center","LG","2","","","","","","","","","","0000-00-00","","0","0","0","","","","","","","","1",""
"1512","1512","11","Lilongwe","Dickson Health Center","2","Health Center","LG","2","","","","","","","","","","0000-00-00","","0","0","0","","","","","","","","1",""
"1513","1513","11","Lilongwe","Dzenza Health Center","2","Health Center","CHAM","2","","","","","","","","","","0000-00-00","","0","0","0","","","","","","","","1",""
"1514","1514","11","Lilongwe","Kabudula Rural Hospital","2","Rural Hospital","MOH","2",\N,\N,"","","","","","","","0000-00-00","","0","0","0","",\N,\N,\N,\N,\N,\N,"1",\N
"1515","1515","11","Lilongwe","Kangoma Health Center","2","Health Center","MOH","2","","","","","","","","","","0000-00-00","","0","0","0","","","","","","","","1",""
"1516","1516","11","Lilongwe","Kachale Health Center","2","Health Center","MOH","2","","","","","","","","","","0000-00-00","","0","0","0","","","","","","","","1",""
"1517","1517","11","Lilongwe","Kawale Health Center","2","Health Center","MOH","2","","","","","","","","","","0000-00-00","","0","0","0","","","","","","","","1",""
"1518","1518","11","Lilongwe","Khongoni Health Center","2","Health Center","LG","2","","","","","","","","","","0000-00-00","","0","0","0","","","","","","","","1",""
"1519","1519","11","Lilongwe","Likuni Hospital","2","Hospital","CHAM","2","","","","","","","","","","0000-00-00","","0","0","0","","","","","","","","1",""
"1520","1520","11","Lilongwe","Kamuzu (KCH) Central Hospital","0","Central Hospital","MOH","1",\N,\N,"CHAI","Lloyd Nyangulu","995247459","Gamadzi","999262960","Modem #1","N/A","2010-07-21","2.65888E+11","50891604","1234","2147483647","TNM",\N,\N,\N,\N,\N,\N,"1",\N
"1521","1521","11","Lilongwe","Lumbadzi Health Center","2","Health Center","MOH","2","","","","","","","","","","0000-00-00","","0","0","0","","","","","","","","1",""
"1522","1522","11","Lilongwe","Malingunde Health Center","2","Health Center","CHAM","2","","","","","","","","","","0000-00-00","","0","0","0","","","","","","","","1",""
"1523","1523","11","Lilongwe","Maluwa Health Center","2","Health Center","LG","2","","","","","","","","","","0000-00-00","","0","0","0","","","","","","","","0",""
"1524","1524","11","Lilongwe","Matapila Health Center","2","Health Center","LG","2","","","","","","","","","","0000-00-00","","0","0","0","","","","","","","","1",""
"1525","1525","11","Lilongwe","Mbabvi Health Center","2","Health Center","MOH","2","","","","","","","","","","0000-00-00","","0","0","0","","","","","","","","1",""
"1526","1526","11","Lilongwe","Mbangombe 1 Health Center","2","Health Center","LG","2","","","","","","","","","","0000-00-00","","0","0","0","","","","","","","","1",""
"1527","1527","11","Lilongwe","Mbangombe 2 Health Center","2","Health Center","MOH","2","","","","","","","","","","0000-00-00","","0","0","0","","","","","","","","1",""
"1528","1528","11","Lilongwe","Mbwatalika Health Center","2","Health Center","CHAM","2","","","","","","","","","","0000-00-00","","0","0","0","","","","","","","","1",""
"1529","1529","11","Lilongwe","Mingongo Health Center","2","Health Center","MOH","2","","","","","","","","","","0000-00-00","","0","0","0","","","","","","","","1",""
"1530","1530","11","Lilongwe","Mitundu Hospital","2","Hospital","MOH","2","","","","","","","","","","0000-00-00","","0","0","0","","","","","","","","1",""
"1531","1531","11","Lilongwe","Mlale Hospital","2","Hospital","CHAM","2","","","","","","","","","","0000-00-00","","0","0","0","","","","","","","","1",""
"1532","1532","11","Lilongwe","Mtenthera Health Center","2","Health Center","MOH","2","","","","","","","","","","0000-00-00","","0","0","0","","","","","","","","1",""
"1533","1533","11","Lilongwe","Nambuma Health Center","2","Health Center","CHAM","2","","","","","","","","","","0000-00-00","","0","0","0","","","","","","","","1",""
"1534","1534","11","Lilongwe","Nathenje Health Center","2","Health Center","MOH","2","","","","","","","","","","0000-00-00","","0","0","0","","","","","","","","1",""
"1535","1535","11","Lilongwe","Ndaula Health Center","2","Health Center","MOH","2","","","","","","","","","","0000-00-00","","0","0","0","","","","","","","","1",""
"1536","1536","11","Lilongwe","New Statehouse Dispensary","2","Dispensary","MOH","2","","","","","","","","","","0000-00-00","","0","0","0","","","","","","","","1",""
"1537","1537","11","Lilongwe","Ngoni Health Center","2","Health Center","CHAM","2","","","","","","","","","","0000-00-00","","0","0","0","","","","","","","","1",""
"1538","1538","11","Lilongwe","Nkhoma Hospital","2","Hospital","CHAM","2","","","","","","","","","","0000-00-00","","0","0","0","","","","","","","","1",""
"1539","1539","11","Lilongwe","Nsaru Health Center","2","Health Center","MOH","2","","","","","","","","","","0000-00-00","","0","0","0","","","","","","","","1",""
"1540","1540","11","Lilongwe","Nthondo (Lilongwe) Health Center","2","Health Center","MOH","2","","","","","","","","","","0000-00-00","","0","0","0","","","","","","","","1",""
"1541","1541","11","Lilongwe","St Gabriels Hospital","2","Hospital","CHAM","2","","","","","","","","","","0000-00-00","","0","0","0","","","","","","","","1",""
"1542","1542","11","Lilongwe","Ukwe Health Center","2","Health Center","MOH","2","","","","","","","","","","0000-00-00","","0","0","0","","","","","","","","1",""
"1543","1543","11","Lilongwe","Dzalanyama Health Center","2","Health Center","Forestry","2","","","","","","","","","","0000-00-00","","0","0","0","","","","","","","","1",""
"1544","1544","11","Lilongwe","Police Area 30 Dispensary","2","Dispensary","MOH","2","","","","","","","","","","0000-00-00","","0","0","0","","","","","","","","1",""
"1545","1545","11","Lilongwe","Kamuzu Barracks Health Center","2","Health Center","Army","2","","","","","","","","","","0000-00-00","","0","0","0","","","","","","","","1",""
"1546","1546","11","Lilongwe","Khasu Health Center","2","Health Center","Private","2","","","","","","","","","","0000-00-00","","0","0","0","","","","","","","","1",""
"1547","1547","11","Lilongwe","Chadza Health Center","2","Health Center","","2","","","","","","","","","","0000-00-00","","0","0","0","","","","","","","","1",""
"1548","1548","11","Lilongwe","Chilobwe Majiga Health Center","2","Health Center","","2","","","","","","","","","","0000-00-00","","0","0","0","","","","","","","","1",""
"1549","1549","11","Lilongwe","Lemwe Health Center","2","Health Center","","2","","","","","","","","","","0000-00-00","","0","0","0","","","","","","","","1",""
"1550","1550","11","Lilongwe","Malembo(Lilongwe) Health Center","2","Health Center","","2","","","","","","","","","","0000-00-00","","0","0","0","","","","","","","","1",""
"1552","1552","11","Lilongwe","Chimwala Dispensary","2","Dispensary","","2","","","","","","","","","","0000-00-00","","0","0","0","","","","","","","","1",""
"1563","1563","11","Lilongwe","Adventist Health Center","2","Health Center","","2",\N,\N,"","","","","","","","0000-00-00","","0","0","0","",\N,\N,\N,\N,\N,\N,"1",\N
"1564","1564","11","Lilongwe","Lilongwe MASM Clinic","5",\N,"MASM","2",\N,\N,"MASM","William Karanya","",\N,"",\N,\N,\N,\N,\N,\N,\N,\N,"","","",\N,"","","1",""
"1582","1582","11","Lilongwe","City Assembly Dispensary","2","Dispensary","","2",\N,\N,"","","","","","","","0000-00-00","","0","0","0","",\N,\N,\N,\N,\N,\N,"1",\N
"1583","1583","11","Lilongwe","Malembo Health Center","2","Health Center","","2",\N,\N,"","","","","","","","0000-00-00","","0","0","0","",\N,\N,\N,\N,\N,\N,"1",\N
"1601","1601","14","Mchinji","Chioshya Health Center","2","Health Center","MOH","2","","","","","","","","","","0000-00-00","","0","0","0","","","","","","","","1",""
"1602","1602","14","Mchinji","Chipumi Health Center","2","Health Center","MOH","2","","","","","","","","","","0000-00-00","","0","0","0","","","","","","","","1",""
"1603","1603","14","Mchinji","Guilleme Health Center","2","Health Center","CHAM","2","","","","","","","","","","0000-00-00","","0","0","0","","","","","","","","1",""
"1604","1604","14","Mchinji","Kaigwazanga Health Center","2","Health Center","MOH","2","","","","","","","","","","0000-00-00","","0","0","0","","","","","","","","1",""
"1605","1605","14","Mchinji","Kapanga Health Center","2","Health Center","MOH","2","","","","","","","","","","0000-00-00","","0","0","0","","","","","","","","1",""
"1606","1606","14","Mchinji","Kapiri Health Center","2","Health Center","CHAM","2","","","","","","","","","","0000-00-00","","0","0","0","","","","","","","","1",""
"1607","1607","14","Mchinji","Kochilira Hospital","2","Hospital","MOH","2","","","","","","","","","","0000-00-00","","0","0","0","","","","","","","","1",""
"1608","1608","14","Mchinji","Ludzi St Josephs Health Center","2","Health Center","CHAM","2","","","","","","","","","","0000-00-00","","0","0","0","","","","","","","","1",""
"1609","1609","14","Mchinji","Mchinji District Hospital","2","District Hospital","MOH","2","","","","","","","","","","0000-00-00","","0","0","0","","","","","","","","1",""
"1610","1610","14","Mchinji","Mikundi Health Center","2","Health Center","MOH","2","","","","","","","","","","0000-00-00","","0","0","0","","","","","","","","1",""
"1611","1611","14","Mchinji","Mkanda Health Center","2","Health Center","MOH","2","","","","","","","","","","0000-00-00","","0","0","0","","","","","","","","1",""
"1612","1612","14","Mchinji","Nkhwazi Health Center","2","Health Center","MOH","2","","","","","","","","","","0000-00-00","","0","0","0","","","","","","","","1",""
"1614","1614","14","Mchinji","Kazyozyo Maternity","2","Maternity","MOH","2","","","","","","","","","","0000-00-00","","0","0","0","","","","","","","","1",""
"1615","1615","14","Mchinji","Namizana Health Center","2","Health Center","MOH","2","","","","","","","","","","0000-00-00","","0","0","0","","","","","","","","1",""
"1616","1616","14","Mchinji","Gumba Dispensary","2","Dispensary","","2","","","","","","","","","","0000-00-00","","0","0","0","","","","","","","","1",""
"1701","1701","6","Dedza","Bembeke Health Center","2","Health Center","CHAM","2","","","","","","","","","","0000-00-00","","0","0","0","","","","","","","","1",""
"1702","1702","6","Dedza","Chikuse Health Center","2","Health Center","MOH","2","","","","","","","","","","0000-00-00","","0","0","0","","","","","","","","1",""
"1703","1703","6","Dedza","Chimoto Health Centre","2","Health Center","MOH/LG","2","","","","","","","","","","0000-00-00","","0","0","0","","","","","","","","1",""
"1704","1704","6","Dedza","Chipwanya Health Centre","2","Health Center","CHAM","2","","","","","","","","","","0000-00-00","","0","0","0","","","","","","","","1",""
"1705","1705","6","Dedza","Chitowo Health Center","2","Health Center","MOH","2","","","","","","","","","","0000-00-00","","0","0","0","","","","","","","","1",""
"1706","1706","6","Dedza","Chongoni Health Center","2","Health Center","Forestry","2","","","","","","","","","","0000-00-00","","0","0","0","","","","","","","","1",""
"1707","1707","6","Dedza","Dedza District Hospital","2","District Hospital","MOH","2","","","","","","","","","","0000-00-00","","0","0","0","","","","","","","","1",""
"1708","1708","6","Dedza","Dzindevu Health Center","2","Health Center","MOH/LG","2","","","","","","","","","","0000-00-00","","0","0","0","","","","","","","","1",""
"1709","1709","6","Dedza","Kafele Health Center","2","Health Center","MOH","2","","","","","","","","","","0000-00-00","","0","0","0","","","","","","","","1",""
"1710","1710","6","Dedza","Kalulu Health Center","2","Health Center","MOH","2","","","","","","","","","","0000-00-00","","0","0","0","","","","","","","","1",""
"1711","1711","6","Dedza","Kanyama Health Center","2","Health Center","CHAM","2","","","","","","","","","","0000-00-00","","0","0","0","","","","","","","","1",""
"1712","1712","6","Dedza","Kanyezi Health Center","2","Health Center","MOH/LG","2","","","","","","","","","","0000-00-00","","0","0","0","","","","","","","","1",""
"1713","1713","6","Dedza","Kaphuka Health Center","2","Health Center","MOH","2","","","","","","","","","","0000-00-00","","0","0","0","","","","","","","","1",""
"1714","1714","6","Dedza","Kasina Health Centre","2","Health Center","CHAM","2","","","","","","","","","","0000-00-00","","0","0","0","","","","","","","","1",""
"1715","1715","6","Dedza","Lobi Health Center","2","Health Center","MOH","2","","","","","","","","","","0000-00-00","","0","0","0","","","","","","","","1",""
"1716","1716","6","Dedza","Maonde Health Center","2","Health Center","MOH/LG","2","","","","","","","","","","0000-00-00","","0","0","0","","","","","","","","1",""
"1717","1717","6","Dedza","Matumba Health Center","2","Health Center","CHAM","2",\N,\N,"","","","","","","","0000-00-00","","0","0","0","",\N,\N,\N,\N,\N,\N,"1",\N
"1718","1718","6","Dedza","Mayani Health Centre","2","Health Center","MOH/LG","2","","","","","","","","","","0000-00-00","","0","0","0","","","","","","","","1",""
"1719","1719","6","Dedza","Mikondo Health Center","2","Health Center","CHAM","2","","","","","","","","","","0000-00-00","","0","0","0","","","","","","","","1",""
"1720","1720","6","Dedza","Mlangali Dispensary","2","Dispensary","MOH","2","","","","","","","","","","0000-00-00","","0","0","0","","","","","","","","1",""
"1721","1721","6","Dedza","Mphathi Health Center","2","Health Center","MOH","2","","","","","","","","","","0000-00-00","","0","0","0","","","","","","","","1",""
"1722","1722","6","Dedza","Mphunzi Health Center","2","Health Center","CHAM","2","","","","","","","","","","0000-00-00","","0","0","0","","","","","","","","1",""
"1723","1723","6","Dedza","Mtendere Health Centre","2","Health Center","CHAM","2","","","","","","","","","","0000-00-00","","0","0","0","","","","","","","","1",""
"1724","1724","6","Dedza","Tsoyo Health Center","2","Health Center","LG","2","","","","","","","","","","0000-00-00","","0","0","0","","","","","","","","1",""
"1725","1725","6","Dedza","Golomoti Health Center","2","Health Center","MOH","2","","","","","","","","","","0000-00-00","","0","0","0","","","","","","","","1",""
"1726","1726","6","Dedza","Kaundu Health Center","2","Health Center","CHAM","2","","","","","","","","","","0000-00-00","","0","0","0","","","","","","","","1",""
"1727","1727","6","Dedza","Mtakataka Health Center","2","Health Center","MOH","2","","","","","","","","","","0000-00-00","","0","0","0","","","","","","","","1",""
"1728","1728","6","Dedza","Mtakataka Police Health Center","2","Health Center","","2","","","","","","","","","","0000-00-00","","0","0","0","","","","","","","","1",""
"1729","1729","6","Dedza","Mdeza Dispensary","2","Dispensary","","2","","","","","","","","","","0000-00-00","","0","0","0","","","","","","","","1",""
"1730","1730","6","Dedza","Mganja Maternity","2","Maternity","","2","","","","","","","","","","0000-00-00","","0","0","0","","","","","","","","1",""
"1731","1731","6","Dedza","Mua Hospital Health Center","2","Health Center","CHAM","2","","","","","","","","","","0000-00-00","","0","0","0","","","","","","","","1",""
"1732","1732","6","Dedza","Nakalazi Health Center","2","Health Center","CHAM","2","","","","","","","","","","0000-00-00","","0","0","0","","","","","","","","1",""
"1733","1733","6","Dedza","Mjini Dispensary","2","Dispensary","","2","","","","","","","","","","0000-00-00","","0","0","0","","","","","","","","1",""
"1801","1801","22","Ntcheu","Bilira Health Center","2","Health Center","MOH","2","","","","","","","","","","0000-00-00","","0","0","0","","","","","","","","1",""
"1802","1802","22","Ntcheu","Biriwiri Health Center","2","Health Center","MOH","2","","","","","","","","","","0000-00-00","","0","0","0","","","","","","","","1",""
"1803","1803","22","Ntcheu","Bwanje Health Center","2","Health Center","MOH","2","","","","","","","","","","0000-00-00","","0","0","0","","","","","","","","1",""
"1804","1804","22","Ntcheu","Chigodi Health Center","2","Health Center","CHAM","2","","","","","","","","","","0000-00-00","","0","0","0","","","","","","","","1",""
"1805","1805","22","Ntcheu","Chikande Health Center","2","Health Center","MOH","2","","","","","","","","","","0000-00-00","","0","0","0","","","","","","","","1",""
"1806","1806","22","Ntcheu","Doviko Dispensary","2","Dispensary","MOH","2","","","","","","","","","","0000-00-00","","0","0","0","","","","","","","","1",""
"1807","1807","22","Ntcheu","Dzunje Dispensary","2","Dispensary","MOH","2","","","","","","","","","","0000-00-00","","0","0","0","","","","","","","","1",""
"1808","1808","22","Ntcheu","Ganya Maternity","2","Maternity","CHAM","2","","","","","","","","","","0000-00-00","","0","0","0","","","","","","","","1",""
"1809","1809","22","Ntcheu","Gowa Health Center","2","Health Center","CHAM","2","","","","","","","","","","0000-00-00","","0","0","0","","","","","","","","1",""
"1810","1810","22","Ntcheu","Kaloga Health Center","2","Health Center","LG","2","","","","","","","","","","0000-00-00","","0","0","0","","","","","","","","1",""
"1811","1811","22","Ntcheu","Kampanje Maternity","2","Maternity","LG","2","","","","","","","","","","0000-00-00","","0","0","0","","","","","","","","1",""
"1812","1812","22","Ntcheu","Kandeu Dispensary","2","Dispensary","MOH","2",\N,\N,"","","","","","","","0000-00-00","","0","0","0","",\N,\N,\N,\N,\N,\N,"1",\N
"1813","1813","22","Ntcheu","Kapeni Health Centre","2","Health Center","MOH","2","","","","","","","","","","0000-00-00","","0","0","0","","","","","","","","1",""
"1814","1814","22","Ntcheu","Kasinje Health Center","2","Health Center","MOH","2","","","","","","","","","","0000-00-00","","0","0","0","","","","","","","","1",""
"1815","1815","22","Ntcheu","Katsekera Health Center","2","Health Center","MOH","2","","","","","","","","","","0000-00-00","","0","0","0","","","","","","","","1",""
"1816","1816","22","Ntcheu","Lizulu Health Center","2","Health Center","MOH","2","","","","","","","","","","0000-00-00","","0","0","0","","","","","","","","1",""
"1817","1817","22","Ntcheu","Manjawira Maternity","2","Maternity","LG","2","","","","","","","","","","0000-00-00","","0","0","0","","","","","","","","1",""
"1818","1818","22","Ntcheu","Matanda Dispensary","2","Dispensary","CHAM","2","","","","","","","","","","0000-00-00","","0","0","0","","","","","","","","1",""
"1819","1819","22","Ntcheu","Mlanda Health Center","2","Health Center","CHAM","2","","","","","","","","","","0000-00-00","","0","0","0","","","","","","","","1",""
"1820","1820","22","Ntcheu","Mlangeni Health Center","2","Health Center","MOH","2","","","","","","","","","","0000-00-00","","0","0","0","","","","","","","","1",""
"1821","1821","22","Ntcheu","Mlangeni Police Health Center","2","Health Center","POLICE","2","","","","","","","","","","0000-00-00","","0","0","0","","","","","","","","1",""
"1822","1822","22","Ntcheu","Mphepozinai Dispensary","2","Dispensary","MOH","2",\N,\N,"","","","","","","","0000-00-00","","0","0","0","",\N,\N,\N,\N,\N,\N,"1",\N
"1823","1823","22","Ntcheu","Mtonda Health Center","2","Health Center","MOH","2","","","","","","","","","","0000-00-00","","0","0","0","","","","","","","","1",""
"1824","1824","22","Ntcheu","Muluma Dispensary","2","Dispensary","CHAM","2","","","","","","","","","","0000-00-00","","0","0","0","","","","","","","","1",""
"1825","1825","22","Ntcheu","Nsipe Health Center","2","Health Center","CHAM","2","","","","","","","","","","0000-00-00","","0","0","0","","","","","","","","1",""
"1826","1826","22","Ntcheu","Nsiyaludzu Health Center","2","Health Center","MOH","2","","","","","","","","","","0000-00-00","","0","0","0","","","","","","","","1",""
"1827","1827","22","Ntcheu","Ntcheu District Hospital","1","District Hospital","MOH","2","","","","","","","","","","0000-00-00","","0","0","0","","","","","","","","1",""
"1828","1828","22","Ntcheu","Nzama Health Center","2","Health Center","CHAM","2","","","","","","","","","","0000-00-00","","0","0","0","","","","","","","","1",""
"1829","1829","22","Ntcheu","Senzani Health Center","2","Health Center","CHAM","2","","","","","","","","","","0000-00-00","","0","0","0","","","","","","","","1",""
"1830","1830","22","Ntcheu","Sharpevale Maternity","2","Maternity","CHAM","2","","","","","","","","","","0000-00-00","","0","0","0","","","","","","","","1",""
"1831","1831","22","Ntcheu","Tsangano Dispensary","2","Dispensary","CHAM","2","","","","","","","","","","0000-00-00","","0","0","0","","","","","","","","1",""
"1832","1832","22","Ntcheu","Masasa Dispensary","2","Dispensary","MOH","2","","","","","","","","","","0000-00-00","","0","0","0","","","","","","","","1",""
"1833","1833","22","Ntcheu","Namisu Dispensary","2","Dispensary","CHAM","2","","","","","","","","","","0000-00-00","","0","0","0","","","","","","","","1",""
"1834","1834","22","Ntcheu","Dzonzi-Mvai Health Center","2","Health Center","","2","","","","","","","","","","0000-00-00","","0","0","0","","","","","","","","1",""
"1835","1835","22","Ntcheu","Lakeview Health Center","1","Health Center","","2","","","","","","","","","","0000-00-00","","0","0","0","","","","","","","","1",""
"1836","1836","22","Ntcheu","Sister Teleza Health Center","2","Health Center","","2","","","","","","","","","","0000-00-00","","0","0","0","","","","","","","","1",""
"1838","1838","22","","Champiti Health Centre","1","","","2","","","MOH","","","","","","","0000-00-00","","0","0","0","","","","","","","","1",""
"1840","1840","22","Ntcheu","Chiole Dispensary","2","Dispensary","","2","","","","","","","","","","0000-00-00","","0","0","0","","","","","","","","1",""
"2404","2404","13","Mangochi","Jalasi Health Centre","8","Health Center","MOH","2",\N,\N,"","","","","","","","0000-00-00","","0","0","0","","","","","","","","1",""
"2416","2416","13","Mangochi","St Martin Hospital","8","Hospital","CHAM","2",\N,\N,"","","","","","","","0000-00-00","","0","0","0","","","","","","","","1",""
"2501","2501","13","Mangochi","Chikole Dispensary","1","Dispensary","MOH","2","","","","","","","","","","0000-00-00","","0","0","0","","","","","","","","1",""
"2502","2502","13","Mangochi","Chilipa (Mangochi) Health Center","1","Health Center","LG","2","","","","","","","","","","0000-00-00","","0","0","0","","","","","","","","1",""
"2503","2503","13","Mangochi","Chiumbangame Health Center","1","Health Center","MOH","2","","","","","","","","","","0000-00-00","","0","0","0","","","","","","","","1",""
"2504","2504","13","Mangochi","Jalasi Health Center","1","Health Center","MOH","2","","","","","","","","","","0000-00-00","","0","0","0","","","","","","","","1",""
"2505","2505","13","Mangochi","Kapire Health Center","1","Health Center","MOH","2","","","","","","","","","","0000-00-00","","0","0","0","","","","","","","","1",""
"2506","2506","13","Mangochi","Katema Health Center","1","Health Center","CHAM","2","","","","","","","","","","0000-00-00","","0","0","0","","","","","","","","1",""
"2507","2507","13","Mangochi","Katuli Health Center","1","Health Center","MOH","2","","","","","","","","","","0000-00-00","","0","0","0","","","","","","","","1",""
"2508","2508","13","Mangochi","Koche Health Center","1","Health Center","CHAM","2",\N,\N,"","","","","","","","0000-00-00","","0","0","0","",\N,\N,\N,\N,\N,\N,"1",\N
"2509","2509","13","Mangochi","Kukalanga Dispensary","1","Dispensary","MOH","2","","","","","","","","","","0000-00-00","","0","0","0","","","","","","","","1",""
"2510","2510","13","Mangochi","Lugola Health Center","1","Health Center","CHAM","2","","","","","","","","","","0000-00-00","","0","0","0","","","","","","","","1",""
"2511","2511","13","Mangochi","Lulanga Health Center","1","Health Center","CHAM","2","","","","","","","","","","0000-00-00","","0","0","0","","","","","","","","1",""
"2512","2512","13","Mangochi","Lungwena Health Center","1","Health Center","MOH","2","","","","","","","","","","0000-00-00","","0","0","0","","","","","","","","1",""
"2513","2513","13","Mangochi","Luwalika Health Center","1","Health Center","CHAM","2",\N,\N,"","","","","","","","0000-00-00","","0","0","0","",\N,\N,\N,\N,\N,\N,"1",\N
"2514","2514","13","Mangochi","Makanjira Health Center","1","Health Center","MOH","2","","","","","","","","","","0000-00-00","","0","0","0","","","","","","","","1",""
"2515","2515","13","Mangochi","Malembo Health Center","1","Health Center","CHAM","2","","","","","","","","","","0000-00-00","","0","0","0","","","","","","","","1",""
"2516","2516","13","Mangochi","St Martin Hospital","1","Hospital","CHAM","2","","","","","","","","","","0000-00-00","","0","0","0","","","","","","","","1",""
"2517","2517","13","Mangochi","Mangochi District Hospital","1","District Hospital","MOH","4",\N,\N,"CHAI","Mr. Kamanula","0999 408 781","Mrs Kayamba","0888 850 814","TN446","v2.44","2010-07-29","2.65888E+11","60278857","1234","2147483647","TNM",\N,\N,\N,\N,\N,\N,"1",\N
"2518","2518","13","Mangochi","Mase Health Center","1","Health Center","CHAM","2","","","","","","","","","","0000-00-00","","0","0","0","","","","","","","","1",""
"2519","2519","13","Mangochi","Mkumba Health Center","1","Health Center","MOH/LG","2","","","","","","","","","","0000-00-00","","0","0","0","","","","","","","","1",""
"2520","2520","13","Mangochi","Monkey Bay Rural Hospital","1","Rural Hospital","MOH","4","","","CHAI","Mr. Mphula","0888 341 869","Mrs Nkhana","0999 382 532","TN162","v2.44","2010-07-29","2.65888E+11","85786021","1234","2147483647","TNM","","","","","","","1",""
"2521","2521","13","Mangochi","Mpondas Health Center","1","Health Center","CHAM","2","","","","","","","","","","0000-00-00","","0","0","0","","","","","","","","1",""
"2522","2522","13","Mangochi","Namalaka Health Center","1","Health Center","CHAM","2","","","","","","","","","","0000-00-00","","0","0","0","","","","","","","","1",""
"2523","2523","13","Mangochi","Namwera Health Center","1","Health Center","MOH","2","","","","","","","","","","0000-00-00","","0","0","0","","","","","","","","1",""
"2524","2524","13","Mangochi","Nancholi Dispensary","1","Dispensary","MOH","2","","","","","","","","","","0000-00-00","","0","0","0","","","","","","","","1",""
"2525","2525","13","Mangochi","Nangalamu Health Center","1","Health Center","MOH","2","","","","","","","","","","0000-00-00","","0","0","0","","","","","","","","1",""
"2526","2526","13","Mangochi","Nankhwali Health Center","1","Health Center","CHAM","2","","","","","","","","","","0000-00-00","","0","0","0","","","","","","","","1",""
"2527","2527","13","Mangochi","Nankumba Health Center","1","Health Center","MOH","2","","","","","","","","","","0000-00-00","","0","0","0","","","","","","","","1",""
"2528","2528","13","Mangochi","Nkope Health Center","1","Health Center","CHAM","2","","","","","","","","","","0000-00-00","","0","0","0","","","","","","","","1",""
"2529","2529","13","Mangochi","Phirilongwe Health Center","1","Health Center","MOH","2","","","","","","","","","","0000-00-00","","0","0","0","","","","","","","","1",""
"2530","2530","13","Mangochi","Sr.  Martha  Health Center","1","Health Center","CHAM","2","","","","","","","","","","0000-00-00","","0","0","0","","","","","","","","1",""
"2531","2531","13","Mangochi","Mulibwanji Hospital","1","Hospital","CHAM","2","","","","","","","","","","0000-00-00","","0","0","0","","","","","","","","1",""
"2532","2532","13","Mangochi","Chiponde Health Center","1","Health Center","MOH","2","","","MOH","","","","","","","0000-00-00","","0","0","0","","","","","","","","1",""
"2533","2533","13","Mangochi","Chiunda Health Centre","1",""," MOH","2","","","","","","","","","","0000-00-00","","0","0","0","","","","","","","","1",""
"2534","2534","13","Mangochi","Iba Health Center","1","Health Center","MOH","2","","","","","","","","","","0000-00-00","","0","0","0","","","","","","","","1",""
"2535","2535","13","Mangochi","Kadango Dispensary","1","","MOH","2","","","","","","","","","","0000-00-00","","0","0","0","","","","","","","","1",""
"2536","2536","13","Mangochi","Malombe Dispensary","1","","MOH","2","","","MOH","","","","","","","0000-00-00","","0","0","0","","","","","","","","1",""
"2537","2537","13","Mangochi","Mtimabii Health Center","1","Health Center","MOH","2","","","","","","","","","","0000-00-00","","0","0","0","","","","","","","","1",""
"2538","2538","13","Mangochi","Sinyala Health Center","1","Health Center","MOH","2","","","","","","","","","","0000-00-00","","0","0","0","","","","","","","","1",""
"2539","2539","13","Mangochi","Asalam Health Center","1","Health Center","PVT","2","","","","","","","","","","0000-00-00","","0","0","0","","","","","","","","1",""
"2540","2540","13","Mangochi","Ngapani Health Center","1","Health Center","PVT","2","","","","","","","","","","0000-00-00","","0","0","0","","","","","","","","1",""
"2541","2541","13","Mangochi","Chilonga Health Centre","1","","MOH","2","","","","","","","","","","0000-00-00","","0","0","0","","","","","","","","1",""
"2542","2542","13","Mangochi","Malukula Health Centre","1",""," MOH","2","","","","","","","","","","0000-00-00","","0","0","0","","","","","","","","1",""
"2543","2543","13","Mangochi","Mama Khadija","5",\N,"Mama Khadija","2",\N,\N,"Mangochi DHO","","",\N,"",\N,\N,\N,\N,\N,\N,\N,\N,"","","",\N,"","","1",""
"2591","2591","13","Mangochi","Somba","5",\N,"","",\N,\N,"","","",\N,"",\N,\N,\N,\N,\N,\N,\N,\N,"","","",\N,"","","1",""
"2601","2601","12","Machinga","Chamba (Machinga) Dispensary","1","Dispensary","MOH","2",\N,\N,"","","","","","","","0000-00-00","","0","0","0","",\N,\N,\N,\N,\N,\N,"1",\N
"2602","2602","12","Machinga","Chikweo Health Center","1","Health Center","MOH","4",\N,\N,"CHAI","Mr. Dinala (Lab)","0999 280 825","Mr. Kazembe (Lab)","","TN157","v2.44","2010-08-13","2.66E+11","67848807","1234","2147483647","TNM",\N,\N,\N,\N,\N,\N,"1",\N
"2603","2603","12","Machinga","Gawanani Health Center","1","Health Center","CHAM","2",\N,\N,"","","","","","","","0000-00-00","","0","0","0","",\N,\N,\N,\N,\N,\N,"1",\N
"2604","2604","12","Machinga","Kawinga Health Center","1","Health Center","MOH","2",\N,\N,"","","","","","","","0000-00-00","","0","0","0","",\N,\N,\N,\N,\N,\N,"1",\N
"2605","2605","12","Machinga","Machinga District Hospital","1","District Hospital","MOH","4",\N,\N,"CHAI","T. Msikuwanga","0999 008 506","Mr. Saka","0888 352 932","TN226","v2.44","2010-07-29","2.66E+11","57882452","1234","2147483647","TNM",\N,\N,\N,\N,\N,\N,"1",\N
"2606","2606","12","Machinga","Machinga Health Center","1","Health Center","LG","2",\N,\N,"","","","","","","","0000-00-00","","0","0","0","",\N,\N,\N,\N,\N,\N,"1",\N
"2607","2607","12","Machinga","Mbonechera Health Center","1","Health Center","","2",\N,\N,"","","","","","","","0000-00-00","","0","0","0","",\N,\N,\N,\N,\N,\N,"1",\N
"2608","2608","12","Machinga","Mpiri Health Center","1","Health Center","CHAM","2",\N,\N,"","","","","","","","0000-00-00","","0","0","0","",\N,\N,\N,\N,\N,\N,"1",\N
"2609","2609","12","Machinga","Mposa Health Center","1","Health Center","CHAM","2",\N,\N,"","","","","","","","0000-00-00","","0","0","0","",\N,\N,\N,\N,\N,\N,"1",\N
"2610","2610","12","Machinga","Namandanje Health Center","1","Health Center","CHAM","2",\N,\N,"","","","","","","","0000-00-00","","0","0","0","",\N,\N,\N,\N,\N,\N,"1",\N
"2611","2611","12","Machinga","Namanja Health Center","1","Health Center","MOH","4",\N,\N,"CHAI","Benson Chikalamo","0995 270 441","Ignatius Sila","0881 038 744","TN029","v2.44","2010-07-27","2.66E+11","64676128","1234","2147483647","TNM",\N,\N,\N,\N,\N,\N,"1",\N
"2612","2612","12","Machinga","Nainunje Health Center","1","Health Center","MOH","4",\N,\N,"CHAI","Daudi Khama","0888 366 735 / 0999 ","Hester Ndafakale","0995 169 330","TN028","v2.44","2010-08-13","2.66E+11","78635570","1234","2147483647","TNM",\N,\N,\N,\N,\N,\N,"1",\N
"2613","2613","12","Machinga","Nayuchi Health Center","1","Health Center","MOH","4",\N,\N,"CHAI","J. Thomas","0995 310 717","Davis Chiphwanya","0888 545 623","TN011","v2.44","2010-08-27","2.66E+11","1858407","1234","2147483647","TNM",\N,\N,\N,\N,\N,\N,"1",\N
"2614","2614","12","Machinga","Ngokwe Health Center","1","Health Center","MOH","2",\N,\N,"","","","","","","","0000-00-00","","0","0","0","",\N,\N,\N,\N,\N,\N,"1",\N
"2615","2615","12","Machinga","Nsanama Health Center","1","Health Center","CHAM","2",\N,\N,"","","","","","","","0000-00-00","","0","0","0","",\N,\N,\N,\N,\N,\N,"1",\N
"2616","2616","12","Machinga","Ntaja Health Center","1","Health Center","MOH","4",\N,\N,"CHAI","Joseph Shipa (Lab)","0999 708 611","Yohane Mello (Lab)","0995 470 726","TN033","v2.44","2010-08-13","2.66E+11","38361350","1234","2147483647","TNM",\N,\N,\N,\N,\N,\N,"1",\N
"2617","2617","12","Machinga","Nyambi Health Center","1","Health Center","MOH","4",\N,\N,"CHAI","Mada Kazembe (Lab)","0881 081 401 / 0999 ","Aron Chanya","0995 610 578","TN141","v2.44","2010-08-13","2.66E+11","44339905","1234","2147483647","TNM",\N,\N,\N,\N,\N,\N,"1",\N
"2618","2618","12","Machinga","Mkwepere Health Center","1","Health Center","","2",\N,\N,"","","","","","","","0000-00-00","","0","0","0","",\N,\N,\N,\N,\N,\N,"1",\N
"2619","2619","12","Machinga","Mlomba Health Center","1","Health Center","","2",\N,\N,"","","","","","","","0000-00-00","","0","0","0","",\N,\N,\N,\N,\N,\N,"1",\N
"2620","2620","12","Machinga","Mangamba Health Center","1","Health Center","MOH","2",\N,\N,"","","","","","","","0000-00-00","","0","0","0","",\N,\N,\N,\N,\N,\N,"1",\N
"2621","2621","12","Machinga","Ntholowa Health Center","1","Health Center","MOH","2",\N,\N,"","","","","","","","0000-00-00","","0","0","0","",\N,\N,\N,\N,\N,\N,"1",\N
"2701","2701","28","Zomba","Bimbi Health Center","1","Health Center","MOH","2","","","","","","","","","","0000-00-00","","0","0","0","","","","","","","","1",""
"2702","2702","28","Zomba","Chamba (Zomba) Dispensary","1","Dispensary","MOH","2","","","","","","","","","","0000-00-00","","0","0","0","","","","","","","","1",""
"2703","2703","28","Zomba","Chilipa (Zomba) Health Center","1","Health Center","CHAM","2","","","","","","","","","","0000-00-00","","0","0","0","","","","","","","","1",""
"2704","2704","28","Zomba","Chingale Health Center","1","Health Center","MOH","2",\N,\N,"","","","","","","","0000-00-00","","0","0","0","",\N,\N,\N,\N,\N,\N,"1",\N
"2705","2705","28","Zomba","Chipini Health Center","1","Health Center","CHAM","2","","","","","","","","","","0000-00-00","","0","0","0","","","","","","","","1",""
"2706","2706","28","Zomba","Domasi Hospital","1","Hospital","MOH","2","","","","","","","","","","0000-00-00","","0","0","0","","","","","","","","1",""
"2707","2707","28","Zomba","H Parker Sharp Dispensary","1","Dispensary","CHAM","2","","","","","","","","","","0000-00-00","","0","0","0","","","","","","","","1",""
"2708","2708","28","Zomba","Lambulira Health Center","1","Health Center","MOH","2","","","","","","","","","","0000-00-00","","0","0","0","","","","","","","","1",""
"2709","2709","28","Zomba","Likangala Health Center","1","Health Center","MOH","2","","","","","","","","","","0000-00-00","","0","0","0","","","","","","","","1",""
"2710","2710","28","Zomba","Magomero Health Center","1","Health Center","CHAM","2","","","","","","","","","","0000-00-00","","0","0","0","","","","","","","","1",""
"2711","2711","28","Zomba","Makwapala Health Center","1","Health Center","MOH","2","","","","","","","","","","0000-00-00","","0","0","0","","","","","","","","1",""
"2712","2712","28","Zomba","Matiya Health Center","1","Health Center","CHAM","2","","","","","","","","","","0000-00-00","","0","0","0","","","","","","","","1",""
"2713","2713","28","Zomba","Mayaka Health Center","1","Health Center","CHAM","2","","","","","","","","","","0000-00-00","","0","0","0","","","","","","","","1",""
"2714","2714","28","Zomba","Namasalima (Zomba) Health Center","1","Health Center","MOH","2","","","","","","","","","","0000-00-00","","0","0","0","","","","","","","","1",""
"2715","2715","28","Zomba","Namikango Health Center","1","Health Center","CHAM","2","","","","","","","","","","0000-00-00","","0","0","0","","","","","","","","1",""
"2716","2716","28","Zomba","Ngwelero Health Center","1","Health Center","MOH","2","","","","","","","","","","0000-00-00","","0","0","0","","","","","","","","1",""
"2717","2717","28","Zomba","Nkasala Health Center","1","Health Center","CHAM","2","","","","","","","","","","0000-00-00","","0","0","0","","","","","","","","1",""
"2718","2718","28","Zomba","Pirimiti Health Center","1","Health Center","CHAM","2","","","","","","","","","","0000-00-00","","0","0","0","","","","","","","","1",""
"2719","2719","28","Zomba","St Lukes Hospital","1","Hospital","CHAM","4","","","CHAI","Mr. Ching'ani","0999 104 185","Aunex Kwekwesa (MA)","0999 816 676","TN122","v2.44","2010-08-29","2.65888E+11","48066509","1234","2147483647","TNM","","","","","","","1",""
"2720","2720","28","Zomba","State House Dispensary","1","Dispensary","MOH","2","","","","","","","","","","0000-00-00","","0","0","0","","","","","","","","1",""
"2721","2721","28","Zomba","Thondwe Dispensary","1","Dispensary","MOH","2","","","","","","","","","","0000-00-00","","0","0","0","","","","","","","","1",""
"2722","2722","28","Zomba","Zomba Central Hospital","1","Central Hospital","MOH","4",\N,\N,"CHAI","Enock Chitimbe (Lab)","0888 414 652 / 0999 ","Mr. Nasibu (VCT) and Gladys (PMTCT)","0888 569 629 / 0881 ","TN455","v2.44","2010-07-22","2.66E+11","19185579","1234","2147483647","TNM",\N,\N,\N,\N,\N,\N,"1",\N
"2723","2723","28","Zomba","City  Clinic","1","Dispensary","Zomba CITY","2","","","","","","","","","","0000-00-00","","0","0","0","","","","","","","","1",""
"2724","2724","28","Zomba","Matawale Health Center","1","Health Center","MOH","2","","","","","","","","","","0000-00-00","","0","0","0","","","","","","","","1",""
"2725","2725","28","Zomba","Nasawa Health Center","1","Health Center","MOH","2","","","","","","","","","","0000-00-00","","0","0","0","","","","","","","","1",""
"2726","2726","28","Zomba","Zomba Forestry Dispensary","1","Dispensary","MOH","2","","","","","","","","","","0000-00-00","","0","0","0","","","","","","","","1",""
"2727","2727","28","Zomba","Zomba Mental Hospital","1","Mental Hospital","MOH","2","","","","","","","","","","0000-00-00","","0","0","0","","","","","","","","1",""
"2728","2728","28","Zomba","Police Hospital","1","Hospital","MOH","2","","","","","","","","","","0000-00-00","","0","0","0","","","","","","","","1",""
"2729","2729","28","Zomba","Cobbe Hospital","1","Hospital","MOH","2","","","","","","","","","","0000-00-00","","0","0","0","","","","","","","","1",""
"2730","2730","28","Zomba","Zomba Prison Dispensary","1","Dispensary","MOH","2","","","","","","","","","","0000-00-00","","0","0","0","","","","","","","","1",""
"2731","2731","28","Zomba","Mmambo Health Center","1","Health Center","MOH","2","","","","","","","","","","0000-00-00","","0","0","0","","","","","","","","1",""
"2732","2732","28","","Naisi Health Centre","1","","MOH","2","","","","","","","","","","0000-00-00","","0","0","0","","","","","","","","1",""
"2733","2733","28","","Machinjiri Health Centre","1","","MOH","3","","","","","","","","","","0000-00-00","","0","0","0","","","","","","","","1",""
"2734","2734","28","","Sadzi Health Centre","1","","MOH","2","","","","","","","","","","0000-00-00","","0","0","0","","","","","","","","1",""
"2735","2735","28","","Zilindo Health Centre","1","","MOH","2","","","","","","","","","","0000-00-00","","0","0","0","","","","","","","","1",""
"2736","2736","28","","Namadidi Health Centre","1","","MOH","2","","","","","","","","","","0000-00-00","","0","0","0","","","","","","","","1",""
"2737","2737","28","","Chisi Health Centre","1","","MOH","2","","","","","","","","","","0000-00-00","","0","0","0","","","","","","","","1",""
"2738","2738","28","","Mwandama Heath Ceter","1","","","2","","","","","","","","","","0000-00-00","","0","0","0","","","","","","","","1",""
"2739","2739","28","Zomba","Maera Health Centre","8",\N,"MVP","2",\N,\N,"","","",\N,"",\N,\N,\N,\N,\N,\N,\N,\N,"","","",\N,"","","1",""
"2740","2740","28","Zomba","Changalume Barracks","8",\N,"MDF","2",\N,\N,"","","",\N,"",\N,\N,\N,\N,\N,\N,\N,\N,"","","",\N,"","","1",""
"2741","2741","28","Zomba","Zomba MASM Clinic","5",\N,"MASM","2",\N,\N,"MASM","","",\N,"",\N,\N,\N,\N,\N,\N,\N,\N,"","","",\N,"","","1",""
"2801","2801","4","Chiradzulu","Chiradzulu District Hospital","1","District Hospital","MOH","3",\N,\N,"UNICEF","","","","","","","0000-00-00","","0","0","0","",\N,\N,\N,\N,\N,\N,"1",\N
"2802","2802","4","Chiradzulu","Chitera Health Center","1","Health Center","MOH","3",\N,\N,"UNICEF","","","","","","","0000-00-00","","0","0","0","",\N,\N,\N,\N,\N,\N,"1",\N
"2803","2803","4","Chiradzulu","Mauwa Health Center","1","Health Center","MOH","3",\N,\N,"UNICEF","","","","","","","0000-00-00","","0","0","0","",\N,\N,\N,\N,\N,\N,"1",\N
"2804","2804","4","Chiradzulu","Milepa Health Center","1","Health Center","MOH","3",\N,\N,"UNICEF","","","","","","","0000-00-00","","0","0","0","",\N,\N,\N,\N,\N,\N,"1",\N
"2805","2805","4","Chiradzulu","Namadzi Health Center","1","Health Center","MOH","3",\N,\N,"UNICEF","","","","","","","0000-00-00","","0","0","0","",\N,\N,\N,\N,\N,\N,"1",\N
"2806","2806","4","Chiradzulu","Namitambo Health Center","1","Health Center","MOH","2",\N,\N,"","","","","","","","0000-00-00","","0","0","0","",\N,\N,\N,\N,\N,\N,"1",\N
"2807","2807","4","Chiradzulu","Ndunde Health Center","1","Health Center","MOH","3",\N,\N,"UNICEF","","","","","","","0000-00-00","","0","0","0","",\N,\N,\N,\N,\N,\N,"1",\N
"2808","2808","4","Chiradzulu","Nguludi Hospital","1","Hospital","CHAM","2",\N,\N,"","","","","","","","0000-00-00","","0","0","0","",\N,\N,\N,\N,\N,\N,"1",\N
"2809","2809","4","Chiradzulu","Nkalo Health Center","1","Health Center","MOH/LG","3",\N,\N,"UNICEF","","","","","","","0000-00-00","","0","0","0","",\N,\N,\N,\N,\N,\N,"1",\N
"2810","2810","4","Chiradzulu","PIM Health Center","1","Health Center","CHAM","2",\N,\N,"","","","","","","","0000-00-00","","0","0","0","",\N,\N,\N,\N,\N,\N,"1",\N
"2811","2811","4","Chiradzulu","Thumbwe Health Center","1","Health Center","MOH","2",\N,\N,"","","","","","","","0000-00-00","","0","0","0","",\N,\N,\N,\N,\N,\N,"1",\N
"2813","2813","4","Chiradzulu","Bilal Clinic","1","Clinic","Islamic","3",\N,\N,"UNICEF","","","","","","","0000-00-00","","0","0","0","",\N,\N,\N,\N,\N,\N,"1",\N
"2814","2814","4","Chiradzulu","Mbulumbudzi Health Center","1","Health Center","MOH","3",\N,\N,"UNICEF","","","","","","","0000-00-00","","0","0","0","",\N,\N,\N,\N,\N,\N,"1",\N
"2900","2900","2","","Macro Blantyre","1","","","2","","","","","","","","","","0000-00-00","","0","0","0","","","","","","","","1",""
"2901","2901","2","Blantyre","BT Civic Centre Dispensary","1","Dispensary","LG","2",\N,\N,"","","","","","","","0000-00-00","","0","0","0","",\N,\N,\N,\N,\N,\N,"1",\N
"2902","2902","2","Blantyre","Chabvala Health Center","1","Health Center","MOH","2",\N,\N,"","","","","","","","0000-00-00","","0","0","0","",\N,\N,\N,\N,\N,\N,"1",\N
"2903","2903","2","Blantyre","Chikowa (Blantyre) Health Center","1","Health Center","MOH","2",\N,\N,"","","","","","","","0000-00-00","","0","0","0","",\N,\N,\N,\N,\N,\N,"1",\N
"2904","2904","2","Blantyre","Chileka Health Center","1","Health Center","MOH/LG","2",\N,\N,"","","","","","","","0000-00-00","","0","0","0","",\N,\N,\N,\N,\N,\N,"1",\N
"2905","2905","2","Blantyre","Chilomoni Health Center","1","Health Center","MOH","2",\N,\N,"","","","","","","","0000-00-00","","0","0","0","",\N,\N,\N,\N,\N,\N,"1",\N
"2906","2906","2","Blantyre","Chimembe Health Center","1","Health Center","MOH","2",\N,\N,"","","","","","","","0000-00-00","","0","0","0","",\N,\N,\N,\N,\N,\N,"1",\N
"2907","2907","2","Blantyre","Dziwe Health Center","1","Health Center","MOH","2",\N,\N,"","","","","","","","0000-00-00","","0","0","0","",\N,\N,\N,\N,\N,\N,"1",\N
"2908","2908","2","Blantyre","Limbe Health Center","1","Health Center","MOH","2",\N,\N,"","","","","","","","0000-00-00","","0","0","0","",\N,\N,\N,\N,\N,\N,"1",\N
"2909","2909","2","Blantyre","Lirangwe Health Center","1","Health Center","MOH/LG","2",\N,\N,"","","","","","","","0000-00-00","","0","0","0","",\N,\N,\N,\N,\N,\N,"1",\N
"2910","2910","2","Blantyre","Lundu Health Center","1","Health Center","MOH","2",\N,\N,"","","","","","","","0000-00-00","","0","0","0","",\N,\N,\N,\N,\N,\N,"1",\N
"2911","2911","2","Blantyre","Madziabango Health Center","1","Health Center","MOH","2",\N,\N,"","","","","","","","0000-00-00","","0","0","0","",\N,\N,\N,\N,\N,\N,"1",\N
"2912","2912","2","Blantyre","Makata Dispensary","1","Dispensary","MOH","2",\N,\N,"","","","","","","","0000-00-00","","0","0","0","",\N,\N,\N,\N,\N,\N,"1",\N
"2913","2913","2","Blantyre","Mdeka Health Center","1","Health Center","MOH","2",\N,\N,"","","","","","","","0000-00-00","","0","0","0","",\N,\N,\N,\N,\N,\N,"1",\N
"2914","2914","2","","Mitsidi/Lumbila health center","1","","CHAM","2","","","","","","","","","","0000-00-00","","0","0","0","","","","","","","","1",""
"2915","2915","2","Blantyre","Mlambe Hospital","1","Hospital","CHAM","2",\N,\N,"","","","","","","","0000-00-00","","0","0","0","",\N,\N,\N,\N,\N,\N,"1",\N
"2916","2916","2","Blantyre","Mpemba Health Center","1","Health Center","MOH","2",\N,\N,"","","","","","","","0000-00-00","","0","0","0","",\N,\N,\N,\N,\N,\N,"1",\N
"2917","2917","2","Blantyre","Namikoko Dispensary","1","Dispensary","MOH","2",\N,\N,"","","","","","","","0000-00-00","","0","0","0","",\N,\N,\N,\N,\N,\N,"1",\N
"2918","2918","2","Blantyre","Ndirande Health Center","1","Health Center","MOH","2",\N,\N,"","","","","","","","0000-00-00","","0","0","0","",\N,\N,\N,\N,\N,\N,"1",\N
"2919","2919","2","Blantyre","Soche Dispensary","1","Dispensary","CHAM","2",\N,\N,"","","","","","","","0000-00-00","","0","0","0","",\N,\N,\N,\N,\N,\N,"1",\N
"2920","2920","2","Blantyre","Soche Health Center","1","Health Center","MOH","2",\N,\N,"","","","","","","","0000-00-00","","0","0","0","",\N,\N,\N,\N,\N,\N,"1",\N
"2921","2921","2","Blantyre","South Lunzu Health Center","1","Health Center","MOH/LG","2",\N,\N,"","","","","","","","0000-00-00","","0","0","0","",\N,\N,\N,\N,\N,\N,"1",\N
"2922","2922","2","Blantyre","Zingwangwa Health Center","1","Health Center","MOH","2",\N,\N,"","","","","","","","0000-00-00","","0","0","0","",\N,\N,\N,\N,\N,\N,"1",\N
"2923","2923","2","Blantyre","Chileka SDA Health Center","1","Health Center","CHAM","2",\N,\N,"","","","","","","","0000-00-00","","0","0","0","",\N,\N,\N,\N,\N,\N,"1",\N
"2924","2924","2","Blantyre","Bangwe Health Center","1","Health Center","MOH","2",\N,\N,"","","","","","","","0000-00-00","","0","0","0","",\N,\N,\N,\N,\N,\N,"1",\N
"2925","2925","2","Blantyre","South Lunzu Health Centre","1","Health Center","MOH","2","","","","","","","","","","0000-00-00","","0","0","0","","","","","","","","1",""
"2926","2926","2","Blantyre","Queen Elizabeth (QECH) Central Hospital","0","Central Hospital","MOH","1",\N,\N,"CHAI","Exton","993034207","Mpinda","999132554","Modem #2","N/A","2010-07-22","2.66E+11","22413930","1234","2147483647","TNM",\N,\N,\N,\N,\N,\N,"1",\N
"2927","2927","2","","DHO Mobile","1","","MOH","2","","","","","","","","","","0000-00-00","","0","0","0","","","","","","","","1",""
"2928","2928","2","","Pensulo Health Centre","1","","MOH","2","","","","","","","","","","0000-00-00","","0","0","0","","","","","","","","1",""
"2929","2929","2","","Mtengo Umodzi Hospital","1","","PVT","2","","","","","","","","","","0000-00-00","","0","0","0","","","","","","","","1",""
"2930","2930","2","","Blantyre Adventist Hospital","1","","CHAM/PVT","2","","","","","","","","","","0000-00-00","","0","0","0","","","","","","","","1",""
"2931","2931","2","","Mwaiwathu Private Hospital","1","","PVT","2","","","","","","","","","","0000-00-00","","0","0","0","","","","","","","","1",""
"2932","2932","2","","St Vincent  Clinic","1","","CHAM","2","","","","","","","","","","0000-00-00","","0","0","0","","","","","","","","1",""
"2933","2933","2","","Malabada Health Centre","1","","CHAM","2","","","","","","","","","","0000-00-00","","0","0","0","","","","","","","","1",""
"2934","2934","2","","Chirimba Heath Centre","1","","MOH","2","","","","","","","","","","0000-00-00","","0","0","0","","","","","","","","1",""
"2940","2940","2","Blantyre","Chichiri Prison","5",\N,"Ministry of Health","2",\N,\N,"Ministry of Health","","",\N,"",\N,\N,\N,\N,\N,\N,\N,\N,"","","",\N,"","","1",""
"2948","2948","2","Blantyre","Chitawira Private  Hospital","5",\N,"Chitawira Private Hospital","2",\N,\N,"Chitawira Private Hospital","","",\N,"",\N,\N,\N,\N,\N,\N,\N,\N,"","","",\N,"","","1",""
"2956","2956","2","","Makheta health center","1","","BLANTYRE CITY","2","","","","","","","","","","0000-00-00","","0","0","0","","","","","","","","1",""
"2957","2957","2","","Kanjedza Police Dispensary","1","","Malawi Police","2","","","MOH","","","","","","","0000-00-00","","0","0","0","","","","","","","","1",""
"2959","2959","2","Blantyre","Limbe Diagnostic Center","5",\N,"Limbe Diagnostic Center","2",\N,\N,"Limbe Diagnostic Center","","",\N,"",\N,\N,\N,\N,\N,\N,\N,\N,"","","",\N,"","","1",""
"2962","2962","2","","Lunzu BLM Clinic","1","","NGO","2","","","BLM","","","","","","","0000-00-00","","0","0","0","","","","","","","","1",""
"2965","2965","2","","Malamulo day Clinic","1","","","2","","","","","","","","","","0000-00-00","","0","0","0","","","","","","","","1",""
"2971","2971","2","","Mwachira PVT Clinic","1","","PVT","2","","","PVT","HENRY CHIKWEZA","","","","","","0000-00-00","","0","0","0","","","","","","","","1",""
"2994","2994","2","","Dream Blantyre Clinic","1","","PVT","2","","","Dream","Richard Luhanga","","","","","","0000-00-00","","0","0","0","","","","","","","","1",""
"2995","2995","2","","Kadidi Health Centre","1","","PVT","2","","","","","","","","","","0000-00-00","","0","0","0","","","","","","","","1",""
"2996","2996","2","","Mpingo Maternity Wing","1","","MOH","2","","","MOH","","","","","","","0000-00-00","","0","0","0","","","","","","","","1",""
"2997","2998","2","","Blantyre City Assembly Clinic","1","","","2","","","","","","","","","","0000-00-00","","0","0","0","","","","","","","","1",""
"2998","2998","2","Blantyre","Blantyre Civic Center Dispensary","1","Haealth Center","MOH","2",\N,\N,\N,\N,\N,\N,\N,\N,\N,\N,\N,\N,\N,\N,\N,\N,\N,\N,\N,\N,\N,"1",\N
"2999","2999","2","","Gateway Clinic","1","","","2","","","","","","","","","","0000-00-00","","0","0","0","","","","","","","","1",""
"3001","3001","16","Mwanza","Mwanza District Hospital","1","District Hospital","MOH","2","","","","","","","","","","0000-00-00","","0","0","0","","","","","","","","1",""
"3002","3002","16","Mwanza","Kunenekude Health Center","1","Health Center","MOH","2",\N,\N,"","","","","","","","0000-00-00","","0","0","0","",\N,\N,\N,\N,\N,\N,"1",\N
"3003","3003","16","Mwanza","Tulonkhondo Health Center","1","Health Center","MOH","2","","","","","","","","","","0000-00-00","","0","0","0","","","","","","","","1",""
"3004","3004","16","Mwanza","Thambani Health Center","1","Health Center","MOH","2","","","","","","","","","","0000-00-00","","0","0","0","","","","","","","","1",""
"3008","3008","16","Mwanza","Mwanza District Hospital","1","District Hospital","MOH","2",\N,\N,"","","","","","","","0000-00-00","","0","0","0","",\N,\N,\N,\N,\N,\N,"1",\N
"3012","3012","16","Mwanza","Thambani Health Center","1","Health Center","MOH","2",\N,\N,"","","","","","","","0000-00-00","","0","0","0","",\N,\N,\N,\N,\N,\N,"1",\N
"3013","3013","16","Mwanza","Tulonkhondo Health Center","1","Health Center","MOH","2",\N,\N,"","","","","","","","0000-00-00","","0","0","0","",\N,\N,\N,\N,\N,\N,"1",\N
"3101","3101","27","Thyolo","BVU ÃƒÂ¢Ã¢â€šÂ¬Ã¢â‚¬Å“ MAKUNGWA HEALTH CENTER","1","Health Center","MOH","4","2",\N,"MSF","","","","","","","0000-00-00","","0","0","0","",\N,\N,\N,\N,\N,\N,"1",\N
"3102","3102","27","Thyolo","BVU ÃƒÂ¢Ã¢â€šÂ¬Ã¢â‚¬Å“ RESEARCH HEALTH CENTER","1","Health Center","MOH","4","2",\N,"MSF","","","","","","","0000-00-00","","0","0","0","",\N,\N,\N,\N,\N,\N,"1",\N
"3103","3103","27","Thyolo","CHANGATA HEALTH CENTER","1","Health Center","MOH","2","2",\N,"","","","","","","","0000-00-00","","0","0","0","",\N,\N,\N,\N,\N,\N,"1",\N
"3104","3104","27","Thyolo","CHIMALIRO HEALTH CENTER","1","Health Center","MOH","2","2",\N,"","","","","","","","0000-00-00","","0","0","0","",\N,\N,\N,\N,\N,\N,"1",\N
"3105","3105","27","Thyolo","CHIMVU HEALTH CENTER","1","Health Center","LG","2","2",\N,"","","","","","","","0000-00-00","","0","0","0","",\N,\N,\N,\N,\N,\N,"1",\N
"3106","3106","27","Thyolo","CHINGAZI HEALTH CENTER","1","Health Center","CHAM","2","2",\N,"","","","","","","","0000-00-00","","0","0","0","",\N,\N,\N,\N,\N,\N,"1",\N
"3107","3107","27","Thyolo","GOMBE HEALTH CENTER","1","Maternity","LG","2","2",\N,"","","","","","","","0000-00-00","","0","0","0","",\N,\N,\N,\N,\N,\N,"1",\N
"3108","3108","27","Thyolo","MTAMBANYAMA Health Centre","4",\N,"","2",\N,\N,"","","",\N,"",\N,\N,\N,\N,\N,\N,\N,\N,"","","",\N,"","","1",""
"3109","3109","27","Thyolo","KHONJENI HEALTH CENTER","1","Health Center","MOH","2","2",\N,"","","","","","","","0000-00-00","","0","0","0","",\N,\N,\N,\N,\N,\N,"1",\N
"3110","3110","27","Thyolo","MAKAPWA HEALTH CENTER","1","Health Center","CHAM","2","2",\N,"","","","","","","","0000-00-00","","0","0","0","",\N,\N,\N,\N,\N,\N,"1",\N
"3111","3111","27","Thyolo","MALAMULO HEALTH CENTER","1","Hospital","CHAM","4","2",\N,"MSF","","","","","","","0000-00-00","","0","0","0","",\N,\N,\N,\N,\N,\N,"1",\N
"3112","3112","27","Thyolo","MANGUNDA HEALTH CENTER","1","Health Center","LG","2","2",\N,"","","","","","","","0000-00-00","","0","0","0","",\N,\N,\N,\N,\N,\N,"1",\N
"3113","3113","27","Thyolo","MBALANGUZI DISPENSARY","1","Dispensary","MOH","2",\N,\N,"","","","","","","","0000-00-00","","0","0","0","","","","","","","","1",""
"3114","3114","27","Thyolo","MIKOLONGWE HEALTH CENTER","1","Health Center","MOH","2","2",\N,"","","","","","","","0000-00-00","","0","0","0","",\N,\N,\N,\N,\N,\N,"1",\N
"3115","3115","27","Thyolo","NKHATAOMBERE HEALTH CENTER","4","Health Center","MOH","2",\N,\N,"","","","","","","","0000-00-00","","0","0","0","","","","","","","","1",""
"3116","3116","27","Thyolo","NSABWE HEALTH CENTER","4","Health Center","MOH","2","2",\N,"","","","","","","","0000-00-00","","0","0","0","","","","","","","","1",""
"3117","3117","27","Thyolo","ST JOSEPHS MITENGO HEALTH CENTER","1","Health Center","MOH","2","2",\N,"","","","","","","","0000-00-00","","0","0","0","",\N,\N,\N,\N,\N,\N,"1",\N
"3118","3118","27","Thyolo","ST MARTINS MOLERE HEALTH CENTER","1","Health Center","CHAM","2","2",\N,"","","","","","","","0000-00-00","","0","0","0","",\N,\N,\N,\N,\N,\N,"1",\N
"3119","3119","27","Thyolo","THEKERANI HEALTH CENTER","1","Rural Hospital","MOH","4","2",\N,"MSF","","","","","","","0000-00-00","","0","0","0","",\N,\N,\N,\N,\N,\N,"1",\N
"3120","3120","27","Thyolo","THOMAS HEALTH CENTER","1","Health Center","CHAM","2","2",\N,"","","","","","","","0000-00-00","","0","0","0","",\N,\N,\N,\N,\N,\N,"1",\N
"3121","3121","27","Thyolo","THYOLO DISTRICT HOSPITAL","4",\N,"","2",\N,\N,"","Anthoney Tebulo","999604184",\N,"",\N,\N,\N,\N,\N,\N,\N,\N,"999604184","","","","","","1",""
"3122","3122","27","Thyolo","ZOA HEALTH CENTER","1","Dispensary","CHAM","2","2",\N,"","","","","","","","0000-00-00","","0","0","0","",\N,\N,\N,\N,\N,\N,"1",\N
"3123","3123","27","Thyolo","Zoa Health Center","1","Health Center","MOH","2","","","","","","","","","","0000-00-00","","0","0","0","","","","","","","","1",""
"3124","3124","27","Thyolo","CHIPHO HEALTH CENTER","4","Health Center","MOH","2",\N,\N,"","","","","","","","0000-00-00","","0","0","0","","","","","","","","1",""
"3125","3125","27","Thyolo","MAPANGA HEALTH CENTER","4",\N,"","2","2",\N,"","Mwaka Chikumbutso","881247811",\N,"",\N,\N,\N,\N,\N,\N,\N,\N,"881247811","","",\N,"","","1",""
"3127","3127","27","Thyolo","CHISOKA HEALTH CENTER","4",\N,"","","2",\N,"","Anthoney Tebulo","999604184",\N,"",\N,\N,\N,\N,\N,\N,\N,\N,"999604184","","",\N,"","","1",""
"3128","3128","27","Thyolo","DIDI HEALTH CENTER","4",\N,"","","2",\N,"","Ronald Didi","884123752",\N,"",\N,\N,\N,\N,\N,\N,\N,\N,"884123752","","",\N,"","","1",""
"3129","3129","27","Thyolo","Didi Health Center","1","","MOH","2","","","MOH","","","","","","","0000-00-00","","0","0","0","","","","","","","","1",""
"3141","3141","27","Thyolo","MIANGA HEALTH CENTER","4",\N,"MOH","2","2",\N,"MSF","Anthoney Tebulo","999604184",\N,"",\N,\N,\N,\N,\N,\N,\N,\N,"999604184","","",\N,"","","1",""
"3143","3143","27","Thyolo","SAMBANKHANGA HEALTH CENTER","4",\N,"","2",\N,\N,"","Anthoney Tebulo","999604184",\N,"",\N,\N,\N,\N,\N,\N,\N,\N,"999604184","","",\N,"","","1",""
"3144","3144","27","Thyolo","SATEMWA HEALTH CENTER","4",\N,"","",\N,\N,"","Ellen Gama","999604184",\N,"",\N,\N,\N,\N,\N,\N,\N,\N,"999604184","","","","","","1",""
"3145","3145","27","Thyolo","THUNGA HEALTH CENTER","4",\N,"","2",\N,\N,"","Anthoney Tebulo","999604184",\N,"",\N,\N,\N,\N,\N,\N,\N,\N,"999604184","","",\N,"","","1",""
"3150","3150","27","Thyolo","MAKWASA Health Centre","4",\N,"","2",\N,\N,"","","",\N,"",\N,\N,\N,\N,\N,\N,\N,\N,"","","","","","","1",""
"3151","3151","27","Thyolo","NCHIMA HEALTH CENTER","4",\N,"","",\N,\N,"","Anthoney Tebulo","999604184",\N,"",\N,\N,\N,\N,\N,\N,\N,\N,"999604184","","",\N,"","","1",""
"3199","3199","27","Thyolo","Unknown Facility From Thyolo Lab","1","Hospital","MOH","2",\N,\N,\N,\N,\N,\N,\N,\N,\N,\N,\N,\N,\N,\N,\N,\N,\N,\N,\N,\N,\N,"1",\N
"3201","3201","15","Mulanje","Bondo Health Center","1","Health Center","MOH","2",\N,\N,"","","","","","","","0000-00-00","","0","0","0","",\N,\N,\N,\N,\N,\N,"1",\N
"3202","3202","15","Mulanje","Chambe Health Center","1","Health Center","MOH/LG","2",\N,\N,"","","","","","","","0000-00-00","","0","0","0","",\N,\N,\N,\N,\N,\N,"1",\N
"3203","3203","15","Mulanje","Chinyama Health Center","1","Health Center","MOH/LG","2",\N,\N,"","","","","","","","0000-00-00","","0","0","0","",\N,\N,\N,\N,\N,\N,"1",\N
"3204","3204","15","Mulanje","Chonde Health Center","1","Health Center","MOH","2",\N,\N,"","","","","","","","0000-00-00","","0","0","0","",\N,\N,\N,\N,\N,\N,"1",\N
"3205","3205","15","Mulanje","Dzenje Maternity","1","Maternity","LG","2",\N,\N,"","","","","","","","0000-00-00","","0","0","0","",\N,\N,\N,\N,\N,\N,"1",\N
"3206","3206","15","Mulanje","Kambenje Health Center","1","Health Center","MOH","2",\N,\N,"","","","","","","","0000-00-00","","0","0","0","",\N,\N,\N,\N,\N,\N,"1",\N
"3207","3207","15","Mulanje","Mbiza Health Center","1","Health Center","MOH/LG","2",\N,\N,"","","","","","","","0000-00-00","","0","0","0","",\N,\N,\N,\N,\N,\N,"1",\N
"3208","3208","15","Mulanje","Milonde Health Center","1","Health Center","MOH/LG","2",\N,\N,"","","","","","","","0000-00-00","","0","0","0","",\N,\N,\N,\N,\N,\N,"1",\N
"3209","3209","15","Mulanje","Mimosa Dispensary","1","Dispensary","MOH","2",\N,\N,"","","","","","","","0000-00-00","","0","0","0","",\N,\N,\N,\N,\N,\N,"1",\N
"3210","3210","15","Mulanje","Mpala Health Center","1","Health Center","MOH/LG","2",\N,\N,"","","","","","","","0000-00-00","","0","0","0","",\N,\N,\N,\N,\N,\N,"1",\N
"3211","3211","15","Mulanje","Mulanje District Hospital","1","District Hospital","MOH","2",\N,\N,"","","","","","","","0000-00-00","","0","0","0","",\N,\N,\N,\N,\N,\N,"1",\N
"3212","3212","15","Mulanje","Mulanje Mission Hospital","1","Hospital","CHAM","2",\N,\N,"","","","","","","","0000-00-00","","0","0","0","",\N,\N,\N,\N,\N,\N,"1",\N
"3213","3213","15","Mulanje","Mulomba Health Center","1","Health Center","MOH","2",\N,\N,"","","","","","","","0000-00-00","","0","0","0","",\N,\N,\N,\N,\N,\N,"1",\N
"3214","3214","15","Mulanje","Muloza Health Center","1","Health Center","MOH/LG","2",\N,\N,"","","","","","","","0000-00-00","","0","0","0","",\N,\N,\N,\N,\N,\N,"1",\N
"3215","3215","15","Mulanje","Namasalima (Mulanje) Health Center","1","Health Center","CHAM","2",\N,\N,"","","","","","","","0000-00-00","","0","0","0","",\N,\N,\N,\N,\N,\N,"1",\N
"3216","3216","15","Mulanje","Namphungo Health Center","1","Health Center","MOH/LG","2",\N,\N,"","","","","","","","0000-00-00","","0","0","0","",\N,\N,\N,\N,\N,\N,"1",\N
"3217","3217","15","Mulanje","Namulenga Health Center","1","Health Center","CHAM","2",\N,\N,"","","","","","","","0000-00-00","","0","0","0","",\N,\N,\N,\N,\N,\N,"1",\N
"3218","3218","15","Mulanje","Thembe Dispensary","1","Dispensary","CHAM","2",\N,\N,"","","","","","","","0000-00-00","","0","0","0","",\N,\N,\N,\N,\N,\N,"1",\N
"3219","3219","15","Mulanje","Thuchila Health Center","1","Health Center","CHAM","2",\N,\N,"","","","","","","","0000-00-00","","0","0","0","",\N,\N,\N,\N,\N,\N,"1",\N
"3220","3220","15","Mulanje","Lujeri Health Center","1","Health Center","","2",\N,\N,"","","","","","","","0000-00-00","","0","0","0","",\N,\N,\N,\N,\N,\N,"1",\N
"3221","3221","15","Mulanje","Chisitu Health Center","1","Health Center","","2",\N,\N,"","","","","","","","0000-00-00","","0","0","0","",\N,\N,\N,\N,\N,\N,"1",\N
"3222","3222","15","Mulanje","Naphimba Health Center","1","Health Center","","2",\N,\N,"","","","","","","","0000-00-00","","0","0","0","",\N,\N,\N,\N,\N,\N,"1",\N
"3223","3223","15","","Mkomaula Health Centre","1","","MOH","2","","","","","","","","","","0000-00-00","","0","0","0","","","","","","","","1",""
"3301","3301","3","Chikwawa","Changambika Health Center","1","Health Center","MOH","2",\N,\N,"","","","","","","","0000-00-00","","0","0","0","",\N,\N,\N,\N,\N,\N,"1",\N
"3302","3302","3","Chikwawa","Chapananga Health Center","1","Health Center","MOH","3",\N,\N,"UNICEF","","","","","","","0000-00-00","","0","0","0","",\N,\N,\N,\N,\N,\N,"1",\N
"3303","3303","3","Chikwawa","Chikwawa District Hospital","1","District Hospital","MOH","3",\N,\N,"UNICEF","","","","","","","0000-00-00","","0","0","0","",\N,\N,\N,\N,\N,\N,"1",\N
"3304","3304","3","Chikwawa","Chipwaila Health Center","1","Health Center","MOH","3",\N,\N,"UNICEF","","","","","","","0000-00-00","","0","0","0","",\N,\N,\N,\N,\N,\N,"1",\N
"3305","3305","3","Chikwawa","Dolo Health Center","1","Health Center","MOH","3",\N,\N,"UNICEF","","","","","","","0000-00-00","","0","0","0","",\N,\N,\N,\N,\N,\N,"1",\N
"3306","3306","3","Chikwawa","Gaga Health Center","1","Health Center","MOH","3",\N,\N,"UNICEF","","","","","","","0000-00-00","","0","0","0","",\N,\N,\N,\N,\N,\N,"1",\N
"3307","3307","3","Chikwawa","Kakoma Health Center","1","Health Center","MOH","2",\N,\N,"","","","","","","","0000-00-00","","0","0","0","",\N,\N,\N,\N,\N,\N,"1",\N
"3308","3308","3","Chikwawa","Kasinthula Dispensary","1","Dispensary","MOH","2",\N,\N,"","","","","","","","0000-00-00","","0","0","0","",\N,\N,\N,\N,\N,\N,"1",\N
"3309","3309","3","Chikwawa","Lengwe Health Center","1","Health Center","MOH","2",\N,\N,"","","","","","","","0000-00-00","","0","0","0","",\N,\N,\N,\N,\N,\N,"1",\N
"3310","3310","3","Chikwawa","Makhwira Health Center","1","Health Center","","3",\N,\N,"UNICEF","","","","","","","0000-00-00","","0","0","0","",\N,\N,\N,\N,\N,\N,"1",\N
"3311","3311","3","Chikwawa","Maperera Health Center","1","Health Center","MOH","3",\N,\N,"UNICEF","","","","","","","0000-00-00","","0","0","0","",\N,\N,\N,\N,\N,\N,"1",\N
"3312","3312","3","Chikwawa","Misomali Health Center","1","Health Center","CHAM","2",\N,\N,"","","","","","","","0000-00-00","","0","0","0","",\N,\N,\N,\N,\N,\N,"1",\N
"3313","3313","3","Chikwawa","Mkumaniza Health Center","1","Health Center","MOH","3",\N,\N,"UNICEF","","","","","","","0000-00-00","","0","0","0","",\N,\N,\N,\N,\N,\N,"1",\N
"3314","3314","3","Chikwawa","Ndakwela Health Center","1","Health Center","MOH","3",\N,\N,"UNICEF","","","","","","","0000-00-00","","0","0","0","",\N,\N,\N,\N,\N,\N,"1",\N
"3315","3315","3","Chikwawa","Ngabu Rural Hospital","1","Rural Hospital","MOH","3",\N,\N,"UNICEF","","","","","","","0000-00-00","","0","0","0","",\N,\N,\N,\N,\N,\N,"1",\N
"3316","3316","3","Chikwawa","St Montfort Rural Hospital","1","Rural Hospital","CHAM","3",\N,\N,"UNICEF","","","","","","","0000-00-00","","0","0","0","",\N,\N,\N,\N,\N,\N,"1",\N
"3317","3317","3","Chikwawa","Chithumba Mat Dispensary","1","Dispensary","MOH","2",\N,\N,"","","","","","","","0000-00-00","","0","0","0","",\N,\N,\N,\N,\N,\N,"1",\N
"3318","3318","3","Chikwawa","Kapichira Health Center","1","Health Center","","2",\N,\N,"","","","","","","","0000-00-00","","0","0","0","",\N,\N,\N,\N,\N,\N,"1",\N
"3319","3319","3","Chikwawa","Sucoma Health Center","1","Health Center","","2",\N,\N,"","","","","","","","0000-00-00","","0","0","0","",\N,\N,\N,\N,\N,\N,"1",\N
"3320","3320","3","Chikwawa","Mfera Health Center","1","Health Center","","2",\N,\N,"","","","","","","","0000-00-00","","0","0","0","",\N,\N,\N,\N,\N,\N,"1",\N
"3321","3321","3","Chikwawa","Gola Dispensary","1","Dispensary","MOH","2","","","","","","","","","","0000-00-00","","0","0","0","","","","","","","","1",""
"3322","3322","3","Chikwawa","Bereu health center","1","","MOH","2","","","","","","","","","","0000-00-00","","0","0","0","","","","","","","","1",""
"3328","3328","3","Chikwawa","Ngabu SDA Health Ceter","1","","","2","","","","","","","","","","0000-00-00","","0","0","0","","","","","","","","1",""
"3401","3401","21","Nsanje","CHIDIDI HEALTH CENTER","1","Health Center","CHAM","2","2",\N,"","","","","","","","0000-00-00","","0","0","0","",\N,\N,\N,\N,\N,\N,"1",\N
"3402","3402","21","Nsanje","KALEMBA HEALTH CENTER","1","Health Center","CHAM","2","2",\N,"","","","","","","","0000-00-00","","0","0","0","","","","","","","","1",""
"3403","3403","21","Nsanje","LULWE HEALTH CENTER","1","Health Center","CHAM","2","2",\N,"","","","","","","","0000-00-00","","0","0","0","",\N,\N,\N,\N,\N,\N,"1",\N
"3404","3404","21","Nsanje","MAKHANGA HEALTH CENTER","1","Health Center","MOH","2","2",\N,"","","","","","","","0000-00-00","","0","0","0","",\N,\N,\N,\N,\N,\N,"1",\N
"3405","3405","21","Nsanje","MASENJERE HEALTH CENTER","1","Health Center","MOH","2","2",\N,"","","","","","","","0000-00-00","","0","0","0","",\N,\N,\N,\N,\N,\N,"1",\N
"3406","3406","21","Nsanje","MBENJE HEALTH CENTER","1","Health Center","MOH","2","2",\N,"","","","","","","","0000-00-00","","0","0","0","",\N,\N,\N,\N,\N,\N,"1",\N
"3407","3407","21","Nsanje","Mlolo Dispensary","1","Dispensary","MOH","2",\N,\N,"","","","","","","","0000-00-00","","0","0","0","",\N,\N,\N,\N,\N,\N,"1",\N
"3408","3408","21","Nsanje","NDAMERA HEALTH CENTER","1","Health Center","MOH","2","2",\N,"","","","","","","","0000-00-00","","0","0","0","",\N,\N,\N,\N,\N,\N,"1",\N
"3409","3409","21","Nsanje","NSANJE DISTRICT HOSPITAL","1","District Hospital","MOH","2","2",\N,"","","","","","","","0000-00-00","","0","0","0","",\N,\N,\N,\N,\N,\N,"1",\N
"3410","3410","21","Nsanje","Nyamithuthu Health Center","1","Health Center","MOH","2",\N,\N,"","","","","","","","0000-00-00","","0","0","0","",\N,\N,\N,\N,\N,\N,"1",\N
"3411","3411","21","Nsanje","SANKHULANI HEALTH CENTER","1","Health Center","MOH","2","2",\N,"","","","","","","","0000-00-00","","0","0","0","",\N,\N,\N,\N,\N,\N,"1",\N
"3412","3412","21","Nsanje","SORGIN HEALTH CENTER","1","Health Center","MOH","2","2",\N,"","","","","","","","0000-00-00","","0","0","0","",\N,\N,\N,\N,\N,\N,"1",\N
"3413","3413","21","Nsanje","TENGANI HEALTH CENTER","1","Health Center","MOH","2","2",\N,"","","","","","","","0000-00-00","","0","0","0","",\N,\N,\N,\N,\N,\N,"1",\N
"3414","3414","21","Nsanje","TRINITY HEALTH CENTER","1","Hospital","CHAM","2","2",\N,"","","","","","","","0000-00-00","","0","0","0","",\N,\N,\N,\N,\N,\N,"1",\N
"3415","3415","21","Nsanje","Chingoma Dispensary","1","Dispensary","MOH","2",\N,\N,"","","","","","","","0000-00-00","","0","0","0","",\N,\N,\N,\N,\N,\N,"1",\N
"3416","3416","21","Nsanje","Mkango Dispensary","1","Dispensary","MOH","2",\N,\N,"","","","","","","","0000-00-00","","0","0","0","",\N,\N,\N,\N,\N,\N,"1",\N
"3417","3417","21","Nsanje","PHOKERA HEALTH CENTER","1","Health Center","MOH","2","2",\N,"","","","","","","","0000-00-00","","0","0","0","",\N,\N,\N,\N,\N,\N,"1",\N
"3418","3418","21","Nsanje","Misamvu Dispensary","1","Dispensary","MOH","2",\N,\N,"","","","","","","","0000-00-00","","0","0","0","",\N,\N,\N,\N,\N,\N,"1",\N
"3419","3419","21","Nsanje","Kanyimbi Dispensary","1","Dispensary","MOH","2",\N,\N,"","","","","","","","0000-00-00","","0","0","0","",\N,\N,\N,\N,\N,\N,"1",\N
"3420","3420","21","Nsanje","Mchacha Dispensary","1","Dispensary","MOH","2",\N,\N,"","","","","","","","0000-00-00","","0","0","0","",\N,\N,\N,\N,\N,\N,"1",\N
"3421","3421","21","Nsanje","Kamphata Dispensary","1","Dispensary","MOH","2",\N,\N,"","","","","","","","0000-00-00","","0","0","0","",\N,\N,\N,\N,\N,\N,"1",\N
"3422","3422","21","Nsanje","Nkhande Dispensary","1","Dispensary","MOH","2",\N,\N,"","","","","","","","0000-00-00","","0","0","0","",\N,\N,\N,\N,\N,\N,"1",\N
"3501","3501","24","Phalombe","Chiringa Dispensary","1","Dispensary","CHAM","2",\N,\N,"","","","","","","","0000-00-00","","0","0","0","",\N,\N,\N,\N,\N,\N,"1",\N
"3502","3502","24","Phalombe","Chiringa Maternity","1","Maternity","LG","2",\N,\N,"","","","","","","","0000-00-00","","0","0","0","",\N,\N,\N,\N,\N,\N,"1",\N
"3503","3503","24","Phalombe","Chitekesa Health Center","1","Health Center","MOH","2",\N,\N,"","","","","","","","0000-00-00","","0","0","0","",\N,\N,\N,\N,\N,\N,"1",\N
"3504","3504","24","Phalombe","Phalombe Mission Hospital","1","Hospital","CHAM","2",\N,\N,"","","","","","","","0000-00-00","","0","0","0","",\N,\N,\N,\N,\N,\N,"1",\N
"3505","3505","24","Phalombe","Kalinde Dispensary","1","Dispensary","MOH","2",\N,\N,"","","","","","","","0000-00-00","","0","0","0","",\N,\N,\N,\N,\N,\N,"1",\N
"3506","3506","24","Phalombe","Migowi Health Center","1","Health Center","MOH","2",\N,\N,"","","","","","","","0000-00-00","","0","0","0","",\N,\N,\N,\N,\N,\N,"1",\N
"3507","3507","24","Phalombe","Mkhwayi Health Center","1","Health Center","MOH","2",\N,\N,"","","","","","","","0000-00-00","","0","0","0","",\N,\N,\N,\N,\N,\N,"1",\N
"3508","3508","24","Phalombe","Mpasa Health Center","1","Health Center","MOH/LG","2",\N,\N,"","","","","","","","0000-00-00","","0","0","0","",\N,\N,\N,\N,\N,\N,"1",\N
"3509","3509","24","Phalombe","Mwanga Health Center","1","Health Center","CHAM","2",\N,\N,"","","","","","","","0000-00-00","","0","0","0","",\N,\N,\N,\N,\N,\N,"1",\N
"3510","3510","24","Phalombe","Nambazo Health Center","1","Health Center","MOH/LG","2",\N,\N,"","","","","","","","0000-00-00","","0","0","0","",\N,\N,\N,\N,\N,\N,"1",\N
"3511","3511","24","Phalombe","Nkhulambe Health Center","1","Health Center","MOH/LG","2",\N,\N,"","","","","","","","0000-00-00","","0","0","0","",\N,\N,\N,\N,\N,\N,"1",\N
"3512","3512","24","Phalombe","Phalombe District Hospital","1","District Hospital","MOH","4",\N,\N,"CHAI","Balon (Lab)","0995 793 694","Christopher Kandionamaso (MAT)","0999 438 208","TN450","v2.44","2010-07-30","2.66E+11","34455011","1234","2147483647","TNM",\N,\N,\N,\N,\N,\N,"1",\N
"3513","3513","24","Phalombe","Sukasanje Health Center","1","Health Center","CHAM","2",\N,\N,"","","","","","","","0000-00-00","","0","0","0","",\N,\N,\N,\N,\N,\N,"1",\N
"3514","3514","24","Phalombe","Gogo Nazombe Health Center","8","Health Center","MOH",\N,\N,\N,\N,\N,\N,\N,\N,\N,\N,\N,\N,\N,\N,\N,\N,\N,\N,\N,\N,\N,\N,"1",\N
"3515","3515","24","Phalombe","Mulungu Alinafe","1","","","2","","","","","","","","","","0000-00-00","","0","0","0","","","","","","","","1",""
"3518","3518","24","Phalombe","Nambiti II Health Center","1","Health Center","","2",\N,\N,"","","","","","","","0000-00-00","","0","0","0","",\N,\N,\N,\N,\N,\N,"1",\N
"3601","3601","1","Balaka","Balaka District Hospital","1","District Hospital","MOH","2",\N,\N,"","","","","","","","0000-00-00","","0","0","0","",\N,\N,\N,\N,\N,\N,"1",\N
"3602","3602","1","Balaka","Balaka OPD Health Center","1","Health Center","MOH","2","","","","","","","","","","0000-00-00","","0","0","0","","","","","","","","1",""
"3603","3603","1","Balaka","Kalembo Dispensary","1","Dispensary","MOH","2","","","","","","","","","","0000-00-00","","0","0","0","","","","","","","","1",""
"3604","3604","1","Balaka","Kankao Health Center","1","Health Center","CHAM","2","","","","","","","","","","0000-00-00","","0","0","0","","","","","","","","1",""
"3605","3605","1","Balaka","Mbera Health Center","1","Health Center","MOH","2","","","","","","","","","","0000-00-00","","0","0","0","","","","","","","","1",""
"3606","3606","1","Balaka","Phalula Health Centre","1","Health Center","MOH","2","","","","","","","","","","0000-00-00","","0","0","0","","","","","","","","1",""
"3607","3607","1","Balaka","Phimbi Health Center","1","Health Center","MOH","2","","","","","","","","","","0000-00-00","","0","0","0","","","","","","","","1",""
"3608","3608","1","Balaka","Ulongwe Health Center","1","Health Center","CHAM","2","","","","","","","","","","0000-00-00","","0","0","0","","","","","","","","1",""
"3609","3609","1","Balaka","Utale 1 Health Center","1","Health Center","CHAM","2","","","","","","","","","","0000-00-00","","0","0","0","","","","","","","","1",""
"3610","3610","1","Balaka","Utale 2 Health Center","1","Health Center","CHAM","2","","","","","","","","","","0000-00-00","","0","0","0","","","","","","","","1",""
"3611","3611","1","Balaka","Namanolo Health Center","1","Health Center","MOH","2","","","","","","","","","","0000-00-00","","0","0","0","","","","","","","","1",""
"3612","3612","1","Balaka","Chiyendausiku Health Center","1","Health Center","MOH","2","","","","","","","","","","0000-00-00","","0","0","0","","","","","","","","1",""
"3613","3613","1","Balaka","Kwitanda Health Center","1","Health Center","MOH","2","","","","","","","","","","0000-00-00","","0","0","0","","","","","","","","1",""
"3615","3615","1","","Nandumbo health center","1","","MOH","2","","","","","","","","","","0000-00-00","","0","0","0","","","","","","","","1",""
"3616","3616","1","Balaka","Balaka DREAM","5",\N,"DREAM","2",\N,\N,"DREAM","","",\N,"",\N,\N,\N,\N,\N,\N,\N,\N,"","","",\N,"","","1",""
"3623","3623","1","Balaka","Nyanyala Health Center","5",\N,"Ministry of Health","2",\N,\N,"Mininistry of Health","","",\N,"",\N,\N,\N,\N,\N,\N,\N,\N,"","","",\N,"","","1",""
"3701","3701","18","Neno","Chifunga Health Center","1","Health Center","MOH","2","","","","","","","","","","0000-00-00","","0","0","0","","","","","","","","1",""
"3702","3702","18","Neno","Ligowe Dispensary","1","","MOH","2","","","","","","","","","","0000-00-00","","0","0","0","","","","","","","","1",""
"3703","3703","18","Neno","Lisungwi Hospital","1","Hospital","MOH/LG","2","","","","","","","","","","0000-00-00","","0","0","0","","","","","","","","1",""
"3704","3704","18","Neno","Luwani Health Center","1","Health Center","MOH","2","","","","","","","","","","0000-00-00","","0","0","0","","","","","","","","1",""
"3705","3705","18","Neno","Magareta Health Center","1","Health Center","MOH","2","","","","","","","","","","0000-00-00","","0","0","0","","","","","","","","1",""
"3706","3706","18","Neno","Matandani Health Center","1","Health Center","CHAM","2","","","","","","","","","","0000-00-00","","0","0","0","","","","","","","","1",""
"3707","3707","18","Neno","Matope Health Center","1","Health Center","CHAM","2","","","","","","","","","","0000-00-00","","0","0","0","","","","","","","","1",""
"3708","3708","18","Neno","Midzemba Dispensary","1","","MOH","2","","","","","","","","","","0000-00-00","","0","0","0","","","","","","","","1",""
"3709","3709","18","Neno","Neno District Hospital","1","District Hospital","MOH","2","","","","","","","","","","0000-00-00","","0","0","0","","","","","","","","1",""
"3710","3710","18","Neno","Neno Parish Health Center","1","Health Center","CHAM","2","","","","","","","","","","0000-00-00","","0","0","0","","","","","","","","1",""
"3711","3711","18","Neno","Nsambe Sda Health Center","1","Health Center","CHAM","2","","","","","","","","","","0000-00-00","","0","0","0","","","","","","","","1",""
"3712","3712","18","Neno","Nkula Health Center","1","Health Center","CHAM","2","","","","","","","","","","0000-00-00","","0","0","0","","","","","","","","1",""
"3713","3713","18","Neno","Zalewa Dispensary","1","","MOH","2","","","","","","","","","","0000-00-00","","0","0","0","","","","","","","","1",""
"3802","3802","11","Blantyre","DAEYANG ST LUKE","2","","","2",\N,\N,"CHAM","","","","","","","0000-00-00","","0","0","0","","","","","DAEYANG","DAEYANG ST LUKE\
KANENGO","","1",""
"9090","9090","28","Zomba","Dignitas Study (Unknown Facilities)","8","Dignitas","NGO",\N,\N,\N,\N,\N,\N,\N,\N,\N,\N,\N,\N,\N,\N,\N,\N,\N,\N,\N,\N,\N,\N,"1",\N
"N/A","N/A","11","Lilongwe","Ministry of Health N/A","0","N/A","MOH","4",\N,\N,"CHAI","Dalitso Midiani","999354808","Mr. Mwenda","999667034","Modem #3","N/A","2010-07-24","2.66E+11","50430599","1234","2147483647","TNM",\N,\N,\N,\N,\N,\N,"1",\N
